auc,candidate_tag,delta_auc,delta_reference,evolution_prompt,node,patterns,relationship,run_id,status,step,ticker,variant,won
0.597254004576659,step_1_candidate_0,0.07551487414187641,baseline_article_embedding,default,EconomicIndicator,"[[""Article"", ""MENTIONS"", ""EconomicIndicator""]]",REFERENCES,fe10350f1eb54fef84a9ca753174ad31,rejected,1,TSLA,0,False
0.7871853546910755,step_1_candidate_1,0.26544622425629294,baseline_article_embedding,default,EarningsReport,"[[""Company"", ""HAS_EARNINGS"", ""EarningsReport""]]",HAS_EARNINGS,fe10350f1eb54fef84a9ca753174ad31,accepted,1,TSLA,1,True
0.5995423340961099,step_2_candidate_0,-0.18764302059496563,last_accepted_winner,default,RegulatoryBody,"[[""Article"", ""MENTIONS_REGULATORY"", ""RegulatoryBody""]]",MENTIONS_REGULATORY,fe10350f1eb54fef84a9ca753174ad31,rejected,2,TSLA,0,False
0.6864988558352403,step_2_candidate_1,-0.10068649885583525,last_accepted_winner,default,CreditRating,"[[""Company"", ""HAS_CREDIT_RATING"", ""CreditRating""]]",HAS_CREDIT_RATING,fe10350f1eb54fef84a9ca753174ad31,rejected,2,TSLA,1,True
0.6018306636155607,step_3_candidate_0,-0.18535469107551483,last_accepted_winner,default,RegulatoryAnnouncement,"[[""Company"", ""HAS_REGULATORY_ANNOUNCEMENT"", ""RegulatoryAnnouncement""]]",HAS_REGULATORY_ANNOUNCEMENT,fe10350f1eb54fef84a9ca753174ad31,rejected,3,TSLA,0,False
0.643020594965675,step_3_candidate_1,-0.14416475972540055,last_accepted_winner,default,Dividend,"[[""Company"", ""HAS_DIVIDEND"", ""Dividend""]]",HAS_DIVIDEND,fe10350f1eb54fef84a9ca753174ad31,rejected,3,TSLA,1,True
0.3707093821510298,step_1_candidate_0,-0.2791762013729976,baseline_article_embedding,event_driven,EconomicIndicator,"[[""Article"", ""MENTIONS"", ""EconomicIndicator""]]",REFERENCES,798cdc6344ef4cadb84c6f9df09e6148,rejected,1,TSLA,0,False
0.702517162471396,step_1_candidate_1,0.052631578947368585,baseline_article_embedding,event_driven,RegulatoryBody,"[[""Article"", ""MENTIONS_REGULATORY_BODY"", ""RegulatoryBody""]]",MENTIONS_REGULATORY_BODY,798cdc6344ef4cadb84c6f9df09e6148,accepted,1,TSLA,1,True
0.631578947368421,step_2_candidate_0,-0.07093821510297493,last_accepted_winner,event_driven,CreditRating,"[[""Company"", ""HAS_CREDIT_RATING"", ""CreditRating""]]",HAS_CREDIT_RATING,798cdc6344ef4cadb84c6f9df09e6148,rejected,2,TSLA,0,True
0.47597254004576656,step_2_candidate_1,-0.2265446224256294,last_accepted_winner,event_driven,GeographicRegion,"[[""Company"", ""LOCATED_IN"", ""GeographicRegion""]]",LOCATED_IN,798cdc6344ef4cadb84c6f9df09e6148,rejected,2,TSLA,1,False
0.2723112128146453,step_3_candidate_0,-0.43020594965675063,last_accepted_winner,event_driven,Industry,"[[""Company"", ""OPERATES_IN"", ""Industry""]]",OPERATES_IN,798cdc6344ef4cadb84c6f9df09e6148,rejected,3,TSLA,0,True
0.22196796338672767,step_3_candidate_1,-0.4805491990846683,last_accepted_winner,event_driven,CorporateAction,"[[""Article"", ""TRIGGERS"", ""CorporateAction""], [""Company"", ""TRIGGERS"", ""CorporateAction""]]",TRIGGERS,798cdc6344ef4cadb84c6f9df09e6148,rejected,3,TSLA,1,False
0.30205949656750575,step_4_candidate_0,-0.4004576659038902,last_accepted_winner,event_driven,MarketEvent,"[[""Article"", ""TRIGGERS"", ""MarketEvent""], [""MarketEvent"", ""TRIGGERS"", ""Company""]]",TRIGGERS,798cdc6344ef4cadb84c6f9df09e6148,rejected,4,TSLA,0,False
0.5514874141876429,step_4_candidate_1,-0.15102974828375304,last_accepted_winner,event_driven,EarningsReport,"[[""Company"", ""HAS_EARNINGS_REPORT"", ""EarningsReport""]]",HAS_EARNINGS_REPORT,798cdc6344ef4cadb84c6f9df09e6148,rejected,4,TSLA,1,True
0.7437070938215102,step_5_candidate_0,0.041189931350114284,last_accepted_winner,event_driven,Product,"[[""Article"", ""MENTIONS_PRODUCT"", ""Product""]]",MENTIONS_PRODUCT,798cdc6344ef4cadb84c6f9df09e6148,accepted,5,TSLA,0,True
0.6910755148741419,step_5_candidate_1,-0.011441647597254079,last_accepted_winner,event_driven,LegalAction,"[[""Article"", ""INVOLVES_LEGAL_ACTION"", ""LegalAction""]]",INVOLVES_LEGAL_ACTION,798cdc6344ef4cadb84c6f9df09e6148,rejected,5,TSLA,1,False
0.5377574370709383,step_1_candidate_0,0.016018306636155666,baseline_article_embedding,event_driven,EconomicIndicator,"[[""Article"", ""MENTIONS"", ""EconomicIndicator""]]",REFERENCES,47542f41c56a41139c2b1100bda8d3b9,rejected,1,TSLA,0,False
0.5697940503432495,step_1_candidate_1,0.04805491990846689,baseline_article_embedding,event_driven,RegulatoryBody,"[[""Article"", ""MENTIONS_REGULATORY_BODY"", ""RegulatoryBody""]]",MENTIONS_REGULATORY_BODY,47542f41c56a41139c2b1100bda8d3b9,accepted,1,TSLA,1,True
0.7299771167048055,step_2_candidate_0,0.160183066361556,last_accepted_winner,event_driven,CreditRating,"[[""Company"", ""HAS_CREDIT_RATING"", ""CreditRating""]]",HAS_CREDIT_RATING,47542f41c56a41139c2b1100bda8d3b9,accepted,2,TSLA,0,True
0.4347826086956522,step_2_candidate_1,-0.13501144164759726,last_accepted_winner,event_driven,GeographicRegion,"[[""Company"", ""LOCATED_IN"", ""GeographicRegion""]]",LOCATED_IN,47542f41c56a41139c2b1100bda8d3b9,rejected,2,TSLA,1,False
0.5766590389016019,step_3_candidate_0,-0.1533180778032036,last_accepted_winner,event_driven,MarketEvent,"[[""Article"", ""TRIGGERS"", ""MarketEvent""], [""Company"", ""TRIGGERS"", ""MarketEvent""]]",TRIGGERS,47542f41c56a41139c2b1100bda8d3b9,rejected,3,TSLA,0,True
0.5377574370709381,step_3_candidate_1,-0.19221967963386732,last_accepted_winner,event_driven,EarningsReport,"[[""Company"", ""HAS_EARNINGS_REPORT"", ""EarningsReport""]]",HAS_EARNINGS_REPORT,47542f41c56a41139c2b1100bda8d3b9,rejected,3,TSLA,1,False
0.3569794050343249,step_1_candidate_0,-0.2013729977116705,baseline_article_embedding,event_driven,EconomicIndicator,"[[""Article"", ""MENTIONS"", ""EconomicIndicator""]]",REFERENCES,1f0899fe991849538e443ea5f5944fb6,rejected,1,TSLA,0,False
0.7231121281464531,step_1_candidate_1,0.1647597254004577,baseline_article_embedding,event_driven,RegulatoryBody,"[[""Article"", ""MENTIONS_REGULATORY_BODY"", ""RegulatoryBody""]]",MENTIONS_REGULATORY_BODY,1f0899fe991849538e443ea5f5944fb6,accepted,1,TSLA,1,True
0.47597254004576667,step_2_candidate_0,-0.24713958810068642,last_accepted_winner,event_driven,CreditRating,"[[""Company"", ""HAS_CREDIT_RATING"", ""CreditRating""]]",HAS_CREDIT_RATING,1f0899fe991849538e443ea5f5944fb6,rejected,2,TSLA,0,True
0.47139588100686497,step_2_candidate_1,-0.2517162471395881,last_accepted_winner,event_driven,GeographicRegion,"[[""Company"", ""LOCATED_IN"", ""GeographicRegion""]]",LOCATED_IN,1f0899fe991849538e443ea5f5944fb6,rejected,2,TSLA,1,False
0.45995423340961095,step_3_candidate_0,-0.26315789473684215,last_accepted_winner,event_driven,Competitor,"[[""Company"", ""COMPETES_WITH"", ""Competitor""]]",COMPETES_WITH,1f0899fe991849538e443ea5f5944fb6,rejected,3,TSLA,0,True
0.4279176201372998,step_3_candidate_1,-0.2951945080091533,last_accepted_winner,event_driven,Industry,"[[""Company"", ""OPERATES_IN"", ""Industry""]]",OPERATES_IN,1f0899fe991849538e443ea5f5944fb6,rejected,3,TSLA,1,False
0.38443935926773454,step_1_candidate_0,-0.13729977116704806,baseline_article_embedding,default,EconomicIndicator,"[[""Article"", ""MENTIONS"", ""EconomicIndicator""]]",REFERENCES,9f374dc0f20a423c96b951a8aceb2cf4,rejected,1,TSLA,0,False
0.585812356979405,step_1_candidate_1,0.06407322654462244,baseline_article_embedding,default,RegulatoryBody,"[[""Article"", ""MENTIONS_REGULATORY_BODY"", ""RegulatoryBody""]]",MENTIONS_REGULATORY_BODY,9f374dc0f20a423c96b951a8aceb2cf4,accepted,1,TSLA,1,True
0.7002288329519452,step_2_candidate_0,0.11441647597254012,last_accepted_winner,default,CreditRating,"[[""Company"", ""HAS_CREDIT_RATING"", ""CreditRating""]]",HAS_CREDIT_RATING,9f374dc0f20a423c96b951a8aceb2cf4,accepted,2,TSLA,0,True
0.4759725400457666,step_2_candidate_1,-0.10983981693363842,last_accepted_winner,default,GeographicRegion,"[[""Company"", ""LOCATED_IN"", ""GeographicRegion""]]",LOCATED_IN,9f374dc0f20a423c96b951a8aceb2cf4,rejected,2,TSLA,1,False
0.6132723112128147,step_3_candidate_0,-0.08695652173913049,last_accepted_winner,default,MarketEvent,"[[""Article"", ""TRIGGERS"", ""MarketEvent""], [""MarketEvent"", ""TRIGGERS"", ""Company""]]",TRIGGERS,9f374dc0f20a423c96b951a8aceb2cf4,rejected,3,TSLA,0,True
0.5789473684210527,step_3_candidate_1,-0.1212814645308925,last_accepted_winner,default,EarningsReport,"[[""Company"", ""HAS_EARNINGS_REPORT"", ""EarningsReport""]]",HAS_EARNINGS_REPORT,9f374dc0f20a423c96b951a8aceb2cf4,rejected,3,TSLA,1,False
0.37986270022883295,step_4_candidate_0,-0.3203661327231122,last_accepted_winner,default,Executive,"[[""Article"", ""MENTIONS_EXECUTIVE"", ""Executive""]]",MENTIONS_EXECUTIVE,9f374dc0f20a423c96b951a8aceb2cf4,rejected,4,TSLA,0,False
0.5034324942791762,step_4_candidate_1,-0.1967963386727689,last_accepted_winner,default,MarketIndex,"[[""Article"", ""MENTIONS_MARKET_INDEX"", ""MarketIndex""]]",MENTIONS_MARKET_INDEX,9f374dc0f20a423c96b951a8aceb2cf4,rejected,4,TSLA,1,True
0.540045766590389,step_5_candidate_0,-0.1601830663615561,last_accepted_winner,default,Industry,"[[""Company"", ""OPERATES_IN"", ""Industry""]]",OPERATES_IN,9f374dc0f20a423c96b951a8aceb2cf4,rejected,5,TSLA,0,False
0.6384439359267735,step_5_candidate_1,-0.06178489702517165,last_accepted_winner,default,CorporateAction,"[[""Article"", ""ANNOUNCES_CORPORATE_ACTION"", ""CorporateAction""], [""Company"", ""ANNOUNCES_CORPORATE_ACTION"", ""CorporateAction""]]",ANNOUNCES_CORPORATE_ACTION,9f374dc0f20a423c96b951a8aceb2cf4,rejected,5,TSLA,1,True
0.5949656750572083,step_6_candidate_0,-0.10526315789473684,last_accepted_winner,default,LegalAction,"[[""Article"", ""INVOLVES_LEGAL_ACTION"", ""LegalAction""]]",INVOLVES_LEGAL_ACTION,9f374dc0f20a423c96b951a8aceb2cf4,rejected,6,TSLA,0,False
0.5995423340961098,step_6_candidate_1,-0.10068649885583536,last_accepted_winner,default,Dividend,"[[""Company"", ""ANNOUNCES_DIVIDEND"", ""Dividend""]]",ANNOUNCES_DIVIDEND,9f374dc0f20a423c96b951a8aceb2cf4,rejected,6,TSLA,1,True
0.5972540045766591,step_7_candidate_0,-0.10297482837528604,last_accepted_winner,default,Product,"[[""Article"", ""MENTIONS_PRODUCT"", ""Product""]]",MENTIONS_PRODUCT,9f374dc0f20a423c96b951a8aceb2cf4,rejected,7,TSLA,0,True
0.49199084668192217,step_7_candidate_1,-0.208237986270023,last_accepted_winner,default,MergersAndAcquisitions,"[[""Article"", ""ANNOUNCES_M&A"", ""MergersAndAcquisitions""]]",ANNOUNCES_M&A,9f374dc0f20a423c96b951a8aceb2cf4,rejected,7,TSLA,1,False
0.43935926773455375,step_1_candidate_0,-0.21052631578947362,baseline_article_embedding,default,EconomicIndicator,"[[""Article"", ""MENTIONS"", ""EconomicIndicator""]]",REFERENCES,83e99ed53e1f498a9a0c4d2b50816d2e,rejected,1,TSLA,0,False
0.5034324942791761,step_1_candidate_1,-0.14645308924485123,baseline_article_embedding,default,RegulatoryBody,"[[""Article"", ""ISSUED_BY"", ""RegulatoryBody""]]",ISSUED_BY,83e99ed53e1f498a9a0c4d2b50816d2e,accepted,1,TSLA,1,True
0.5263157894736842,step_2_candidate_0,0.022883295194508046,last_accepted_winner,default,CreditRating,"[[""Company"", ""HAS_CREDIT_RATING"", ""CreditRating""]]",HAS_CREDIT_RATING,83e99ed53e1f498a9a0c4d2b50816d2e,accepted,2,TSLA,0,True
0.4736842105263158,step_2_candidate_1,-0.029748283752860316,last_accepted_winner,default,MarketEvent,"[[""Article"", ""TRIGGERS"", ""MarketEvent""]]",TRIGGERS,83e99ed53e1f498a9a0c4d2b50816d2e,rejected,2,TSLA,1,False
0.4851258581235698,step_3_candidate_0,-0.041189931350114395,last_accepted_winner,default,MarketEvent,"[[""MarketEvent"", ""AFFECTS"", ""Company""], [""Article"", ""RELATES_TO"", ""MarketEvent""]]",AFFECTS,83e99ed53e1f498a9a0c4d2b50816d2e,rejected,3,TSLA,0,True
0.41418764302059496,step_3_candidate_1,-0.11212814645308922,last_accepted_winner,default,GeographicRegion,"[[""Company"", ""OPERATES_IN"", ""GeographicRegion""]]",OPERATES_IN,83e99ed53e1f498a9a0c4d2b50816d2e,rejected,3,TSLA,1,False
0.43249427917620137,step_4_candidate_0,-0.09382151029748281,last_accepted_winner,default,MarketEvent,"[[""Article"", ""ASSOCIATED_WITH"", ""MarketEvent""]]",ASSOCIATED_WITH,83e99ed53e1f498a9a0c4d2b50816d2e,rejected,4,TSLA,0,False
0.5377574370709381,step_4_candidate_1,0.011441647597253968,last_accepted_winner,default,EarningsReport,"[[""Company"", ""HAS_EARNINGS_REPORT"", ""EarningsReport""]]",HAS_EARNINGS_REPORT,83e99ed53e1f498a9a0c4d2b50816d2e,accepted,4,TSLA,1,True
0.5080091533180778,step_5_candidate_0,-0.029748283752860316,last_accepted_winner,default,CorporateAction,"[[""Company"", ""HAS_CORPORATE_ACTION"", ""CorporateAction""]]",HAS_CORPORATE_ACTION,83e99ed53e1f498a9a0c4d2b50816d2e,rejected,5,TSLA,0,False
0.5835240274599542,step_5_candidate_1,0.04576659038901609,last_accepted_winner,default,Industry,"[[""Company"", ""OPERATES_IN"", ""Industry""]]",OPERATES_IN,83e99ed53e1f498a9a0c4d2b50816d2e,accepted,5,TSLA,1,True
0.6819221967963387,step_6_candidate_0,0.09839816933638446,last_accepted_winner,default,MergerAcquisition,"[[""Company"", ""HAS_MERGER_ACQUISITION"", ""MergerAcquisition""]]",HAS_MERGER_ACQUISITION,83e99ed53e1f498a9a0c4d2b50816d2e,accepted,6,TSLA,0,True
0.6178489702517163,step_6_candidate_1,0.034324942791762014,last_accepted_winner,default,LegalAction,"[[""Article"", ""INVOLVES"", ""LegalAction""], [""Company"", ""INVOLVES"", ""LegalAction""]]",INVOLVES,83e99ed53e1f498a9a0c4d2b50816d2e,rejected,6,TSLA,1,False
0.5125858123569794,step_7_candidate_0,-0.16933638443935928,last_accepted_winner,default,ProductLaunch,"[[""Company"", ""HAS_PRODUCT_LAUNCH"", ""ProductLaunch""]]",HAS_PRODUCT_LAUNCH,83e99ed53e1f498a9a0c4d2b50816d2e,rejected,7,TSLA,0,False
0.5263157894736843,step_7_candidate_1,-0.1556064073226544,last_accepted_winner,default,Dividend,"[[""Company"", ""HAS_DIVIDEND"", ""Dividend""]]",HAS_DIVIDEND,83e99ed53e1f498a9a0c4d2b50816d2e,rejected,7,TSLA,1,True
0.6361556064073226,step_1_candidate_0,-0.013729977116704761,baseline_article_embedding,fundamental,EconomicIndicator,"[[""Article"", ""MENTIONS"", ""EconomicIndicator""]]",REFERENCES,cfd8f4c606624f678244d03fff502faf,accepted,1,TSLA,0,True
0.41876430205949655,step_1_candidate_1,-0.23112128146453081,baseline_article_embedding,fundamental,EarningsReport,"[[""Company"", ""HAS_EARNINGS"", ""EarningsReport""]]",HAS_EARNINGS,cfd8f4c606624f678244d03fff502faf,rejected,1,TSLA,1,False
0.34324942791762014,step_2_candidate_0,-0.29290617848970246,last_accepted_winner,fundamental,RegulatoryBody,"[[""Article"", ""MENTIONS"", ""RegulatoryBody""], [""EconomicIndicator"", ""ISSUED_BY"", ""RegulatoryBody""]]",ISSUED_BY,cfd8f4c606624f678244d03fff502faf,rejected,2,TSLA,0,False
0.4805491990846682,step_2_candidate_1,-0.1556064073226544,last_accepted_winner,fundamental,RegulatoryAction,"[[""RegulatoryAction"", ""AFFECTS"", ""Company""], [""Article"", ""MENTIONS"", ""RegulatoryAction""]]",AFFECTS,cfd8f4c606624f678244d03fff502faf,rejected,2,TSLA,1,True
0.585812356979405,step_3_candidate_0,-0.05034324942791757,last_accepted_winner,fundamental,CreditRating,"[[""Company"", ""HAS_CREDIT_RATING"", ""CreditRating""]]",HAS_CREDIT_RATING,cfd8f4c606624f678244d03fff502faf,rejected,3,TSLA,0,False
0.5881006864988558,step_3_candidate_1,-0.048054919908466776,last_accepted_winner,fundamental,MarketSentiment,"[[""Article"", ""HAS_SENTIMENT"", ""MarketSentiment""]]",HAS_SENTIMENT,cfd8f4c606624f678244d03fff502faf,rejected,3,TSLA,1,True
0.5217391304347826,step_4_candidate_0,-0.11441647597254001,last_accepted_winner,fundamental,RegulatoryAction,"[[""Company"", ""AFFECTED_BY"", ""RegulatoryAction""], [""Article"", ""MENTIONS"", ""RegulatoryAction""]]",AFFECTED_BY,cfd8f4c606624f678244d03fff502faf,rejected,4,TSLA,0,False
0.5881006864988558,step_4_candidate_1,-0.048054919908466776,last_accepted_winner,fundamental,GeographicRegion,"[[""Company"", ""LOCATED_IN"", ""GeographicRegion""]]",LOCATED_IN,cfd8f4c606624f678244d03fff502faf,rejected,4,TSLA,1,True
0.5606407322654462,step_5_candidate_0,-0.07551487414187641,last_accepted_winner,fundamental,MergerAcquisition,"[[""Company"", ""ANNOUNCES_M&A"", ""MergerAcquisition""]]",ANNOUNCES_M&A,cfd8f4c606624f678244d03fff502faf,rejected,5,TSLA,0,False
0.5903890160183066,step_5_candidate_1,-0.04576659038901598,last_accepted_winner,fundamental,ProductLaunch,"[[""Company"", ""ANNOUNCES_PRODUCT"", ""ProductLaunch""], [""Article"", ""MENTIONS"", ""ProductLaunch""]]",ANNOUNCES_PRODUCT,cfd8f4c606624f678244d03fff502faf,rejected,5,TSLA,1,True
0.5491990846681922,step_6_candidate_0,-0.08695652173913038,last_accepted_winner,fundamental,LegalLawsuit,"[[""Article"", ""INVOLVES_LAWSUIT"", ""LegalLawsuit""], [""Company"", ""INVOLVES_LAWSUIT"", ""LegalLawsuit""]]",INVOLVES_LAWSUIT,cfd8f4c606624f678244d03fff502faf,rejected,6,TSLA,0,False
0.6704805491990846,step_6_candidate_1,0.034324942791762014,last_accepted_winner,fundamental,Dividend,"[[""Company"", ""ANNOUNCES_DIVIDEND"", ""Dividend""], [""Article"", ""MENTIONS"", ""Dividend""]]",ANNOUNCES_DIVIDEND,cfd8f4c606624f678244d03fff502faf,accepted,6,TSLA,1,True
0.6727688787185354,step_7_candidate_0,0.0022883295194507935,last_accepted_winner,fundamental,RegulatoryFiling,"[[""Company"", ""SUBMITS_FILING"", ""RegulatoryFiling""], [""Article"", ""MENTIONS"", ""RegulatoryFiling""]]",SUBMITS_FILING,cfd8f4c606624f678244d03fff502faf,accepted,7,TSLA,0,True
0.6338672768878718,step_7_candidate_1,-0.03661327231121281,last_accepted_winner,fundamental,RegulatoryFiling,"[[""Company"", ""SUBMITS_FILING"", ""RegulatoryFiling""], [""Article"", ""MENTIONS"", ""RegulatoryFiling""]]",SUBMITS_FILING,cfd8f4c606624f678244d03fff502faf,rejected,7,TSLA,1,False
0.45308924485125857,step_1_candidate_0,-0.06864988558352403,baseline_article_embedding,event_driven,EconomicIndicator,"[[""Article"", ""MENTIONS"", ""EconomicIndicator""]]",REFERENCES,9cbbd194517b42f4b7996c1ea9a0cd2d,rejected,1,TSLA,0,False
0.6247139588100686,step_1_candidate_1,0.10297482837528604,baseline_article_embedding,event_driven,RegulatoryBody,"[[""Article"", ""MENTIONS_REGULATORY_BODY"", ""RegulatoryBody""]]",MENTIONS_REGULATORY_BODY,9cbbd194517b42f4b7996c1ea9a0cd2d,accepted,1,TSLA,1,True
0.5446224256292906,step_2_candidate_0,-0.080091533180778,last_accepted_winner,event_driven,CreditRating,"[[""Company"", ""HAS_CREDIT_RATING"", ""CreditRating""]]",HAS_CREDIT_RATING,9cbbd194517b42f4b7996c1ea9a0cd2d,rejected,2,TSLA,0,True
0.49656750572082387,step_2_candidate_1,-0.12814645308924477,last_accepted_winner,event_driven,GeographicRegion,"[[""Company"", ""LOCATED_IN"", ""GeographicRegion""]]",LOCATED_IN,9cbbd194517b42f4b7996c1ea9a0cd2d,rejected,2,TSLA,1,False
0.4897025171624714,step_3_candidate_0,-0.13501144164759726,last_accepted_winner,event_driven,MarketEvent,"[[""Article"", ""TRIGGERS"", ""MarketEvent""]]",TRIGGERS,9cbbd194517b42f4b7996c1ea9a0cd2d,rejected,3,TSLA,0,False
0.608695652173913,step_3_candidate_1,-0.016018306636155666,last_accepted_winner,event_driven,CorporateAction,"[[""Article"", ""ANNOUNCES_CORPORATE_ACTION"", ""CorporateAction""]]",ANNOUNCES_CORPORATE_ACTION,9cbbd194517b42f4b7996c1ea9a0cd2d,rejected,3,TSLA,1,True
0.6109839816933639,step_4_candidate_0,-0.013729977116704761,last_accepted_winner,event_driven,Industry,"[[""Company"", ""OPERATES_IN"", ""Industry""]]",OPERATES_IN,9cbbd194517b42f4b7996c1ea9a0cd2d,rejected,4,TSLA,0,False
0.6681922196796339,step_4_candidate_1,0.0434782608695653,last_accepted_winner,event_driven,MarketEvent,"[[""MarketEvent"", ""AFFECTS"", ""Company""]]",AFFECTS,9cbbd194517b42f4b7996c1ea9a0cd2d,accepted,4,TSLA,1,True
0.6292906178489703,step_5_candidate_0,-0.0389016018306636,last_accepted_winner,event_driven,FinancialInstrument,"[[""Article"", ""MENTIONS_FINANCIAL_INSTRUMENT"", ""FinancialInstrument""]]",MENTIONS_FINANCIAL_INSTRUMENT,9cbbd194517b42f4b7996c1ea9a0cd2d,rejected,5,TSLA,0,True
0.5491990846681922,step_5_candidate_1,-0.11899313501144171,last_accepted_winner,event_driven,Executive,"[[""Article"", ""MENTIONS_EXECUTIVE"", ""Executive""]]",MENTIONS_EXECUTIVE,9cbbd194517b42f4b7996c1ea9a0cd2d,rejected,5,TSLA,1,False
0.5080091533180777,step_1_candidate_0,-0.14187643020594964,baseline_article_embedding,event_driven,EconomicIndicator,"[[""Article"", ""MENTIONS"", ""EconomicIndicator""]]",REFERENCES,10948ae554d24af7a1c931cdb63c12d7,rejected,1,TSLA,0,False
0.6338672768878718,step_1_candidate_1,-0.016018306636155555,baseline_article_embedding,event_driven,RegulatoryBody,"[[""Article"", ""MENTIONS_REGULATORY_BODY"", ""RegulatoryBody""]]",MENTIONS_REGULATORY_BODY,10948ae554d24af7a1c931cdb63c12d7,accepted,1,TSLA,1,True
0.5560640732265446,step_2_candidate_0,-0.0778032036613272,last_accepted_winner,event_driven,CreditRating,"[[""Company"", ""HAS_CREDIT_RATING"", ""CreditRating""]]",HAS_CREDIT_RATING,10948ae554d24af7a1c931cdb63c12d7,rejected,2,TSLA,0,False
0.5720823798627002,step_2_candidate_1,-0.06178489702517165,last_accepted_winner,event_driven,GeographicRegion,"[[""Company"", ""LOCATED_IN"", ""GeographicRegion""]]",LOCATED_IN,10948ae554d24af7a1c931cdb63c12d7,rejected,2,TSLA,1,True
0.4874141876430206,step_3_candidate_0,-0.14645308924485123,last_accepted_winner,event_driven,Industry,"[[""Company"", ""OPERATES_IN"", ""Industry""]]",OPERATES_IN,10948ae554d24af7a1c931cdb63c12d7,rejected,3,TSLA,0,False
0.6224256292906178,step_3_candidate_1,-0.011441647597253968,last_accepted_winner,event_driven,CorporateAction,"[[""Article"", ""TRIGGERS"", ""CorporateAction""], [""Company"", ""TRIGGERS"", ""CorporateAction""]]",TRIGGERS,10948ae554d24af7a1c931cdb63c12d7,rejected,3,TSLA,1,True
0.448512585812357,step_4_candidate_0,-0.18535469107551483,last_accepted_winner,event_driven,MarketEvent,"[[""Article"", ""TRIGGERS_MARKET_EVENT"", ""MarketEvent""]]",TRIGGERS_MARKET_EVENT,10948ae554d24af7a1c931cdb63c12d7,rejected,4,TSLA,0,False
0.5720823798627002,step_4_candidate_1,-0.06178489702517165,last_accepted_winner,event_driven,EarningsReport,"[[""Company"", ""HAS_EARNINGS_REPORT"", ""EarningsReport""]]",HAS_EARNINGS_REPORT,10948ae554d24af7a1c931cdb63c12d7,rejected,4,TSLA,1,True
0.34782608695652173,step_5_candidate_0,-0.2860411899313501,last_accepted_winner,event_driven,MarketIndex,"[[""Article"", ""MENTIONS_MARKET_INDEX"", ""MarketIndex""]]",MENTIONS_MARKET_INDEX,10948ae554d24af7a1c931cdb63c12d7,rejected,5,TSLA,0,False
0.35697940503432496,step_5_candidate_1,-0.27688787185354685,last_accepted_winner,event_driven,CorporateAction,"[[""Company"", ""ANNOUNCES_CORPORATE_ACTION"", ""CorporateAction""]]",ANNOUNCES_CORPORATE_ACTION,10948ae554d24af7a1c931cdb63c12d7,rejected,5,TSLA,1,True
0.3112128146453089,step_6_candidate_0,-0.3226544622425629,last_accepted_winner,event_driven,LegalAction,"[[""Article"", ""INVOLVES_LEGAL_ACTION"", ""LegalAction""]]",INVOLVES_LEGAL_ACTION,10948ae554d24af7a1c931cdb63c12d7,rejected,6,TSLA,0,False
0.4668192219679634,step_6_candidate_1,-0.16704805491990843,last_accepted_winner,event_driven,Product,"[[""Article"", ""MENTIONS_PRODUCT"", ""Product""]]",MENTIONS_PRODUCT,10948ae554d24af7a1c931cdb63c12d7,rejected,6,TSLA,1,True
0.5125858123569794,step_7_candidate_0,-0.12128146453089239,last_accepted_winner,event_driven,Executive,"[[""Article"", ""MENTIONS_EXECUTIVE"", ""Executive""]]",MENTIONS_EXECUTIVE,10948ae554d24af7a1c931cdb63c12d7,rejected,7,TSLA,0,True
0.5102974828375286,step_7_candidate_1,-0.12356979405034318,last_accepted_winner,event_driven,FinancialStatement,"[[""Company"", ""HAS_FINANCIAL_STATEMENT"", ""FinancialStatement""]]",HAS_FINANCIAL_STATEMENT,10948ae554d24af7a1c931cdb63c12d7,rejected,7,TSLA,1,False
0.4279176201372997,step_1_candidate_0,-0.13043478260869568,baseline_article_embedding,default,EconomicIndicator,"[[""Article"", ""MENTIONS"", ""EconomicIndicator""]]",REFERENCES,cc3b710f71c548c7b28052a29827d26b,rejected,1,TSLA,0,False
0.5606407322654462,step_1_candidate_1,0.0022883295194507935,baseline_article_embedding,default,RegulatoryBody,"[[""Article"", ""MENTIONS_REGULATORY_BODY"", ""RegulatoryBody""]]",MENTIONS_REGULATORY_BODY,cc3b710f71c548c7b28052a29827d26b,accepted,1,TSLA,1,True
0.47368421052631576,step_2_candidate_0,-0.08695652173913043,last_accepted_winner,default,CreditRating,"[[""Company"", ""HAS_CREDIT_RATING"", ""CreditRating""]]",HAS_CREDIT_RATING,cc3b710f71c548c7b28052a29827d26b,rejected,2,TSLA,0,False
0.5583524027459954,step_2_candidate_1,-0.0022883295194507935,last_accepted_winner,default,GeographicRegion,"[[""Company"", ""LOCATED_IN"", ""GeographicRegion""]]",LOCATED_IN,cc3b710f71c548c7b28052a29827d26b,rejected,2,TSLA,1,True
0.43249427917620137,step_3_candidate_0,-0.12814645308924483,last_accepted_winner,default,Industry,"[[""Company"", ""OPERATES_IN"", ""Industry""]]",OPERATES_IN,cc3b710f71c548c7b28052a29827d26b,rejected,3,TSLA,0,False
0.540045766590389,step_3_candidate_1,-0.020594965675057142,last_accepted_winner,default,CorporateAction,"[[""Article"", ""DESCRIBES_CORPORATE_ACTION"", ""CorporateAction""]]",DESCRIBES_CORPORATE_ACTION,cc3b710f71c548c7b28052a29827d26b,rejected,3,TSLA,1,True
0.5354691075514874,step_4_candidate_0,-0.02517162471395884,last_accepted_winner,default,MarketEvent,"[[""Article"", ""DESCRIBES_MARKET_EVENT"", ""MarketEvent""]]",DESCRIBES_MARKET_EVENT,cc3b710f71c548c7b28052a29827d26b,rejected,4,TSLA,0,False
0.5675057208237986,step_4_candidate_1,0.006864988558352381,last_accepted_winner,default,LegalAction,"[[""Article"", ""DESCRIBES_LEGAL_ACTION"", ""LegalAction""]]",DESCRIBES_LEGAL_ACTION,cc3b710f71c548c7b28052a29827d26b,accepted,4,TSLA,1,True
0.45080091533180777,step_5_candidate_0,-0.1167048054919908,last_accepted_winner,default,MergerAcquisition,"[[""Article"", ""DESCRIBES_MERGER_ACQUISITION"", ""MergerAcquisition""]]",DESCRIBES_MERGER_ACQUISITION,cc3b710f71c548c7b28052a29827d26b,rejected,5,TSLA,0,False
0.528604118993135,step_5_candidate_1,-0.0389016018306636,last_accepted_winner,default,Product,"[[""Article"", ""MENTIONS_PRODUCT"", ""Product""]]",MENTIONS_PRODUCT,cc3b710f71c548c7b28052a29827d26b,rejected,5,TSLA,1,True
0.6338672768878718,step_6_candidate_0,0.06636155606407323,last_accepted_winner,default,Executive,"[[""Article"", ""MENTIONS_EXECUTIVE"", ""Executive""]]",MENTIONS_EXECUTIVE,cc3b710f71c548c7b28052a29827d26b,accepted,6,TSLA,0,True
0.4736842105263158,step_6_candidate_1,-0.09382151029748276,last_accepted_winner,default,Competitor,"[[""Company"", ""COMPETES_WITH"", ""Competitor""], [""Article"", ""MENTIONS"", ""Competitor""]]",COMPETES_WITH,cc3b710f71c548c7b28052a29827d26b,rejected,6,TSLA,1,False
0.33409610983981697,step_7_candidate_0,-0.29977116704805484,last_accepted_winner,default,FinancialStatement,"[[""Article"", ""MENTIONS_FINANCIAL_STATEMENT"", ""FinancialStatement""]]",MENTIONS_FINANCIAL_STATEMENT,cc3b710f71c548c7b28052a29827d26b,rejected,7,TSLA,0,False
0.494279176201373,step_7_candidate_1,-0.1395881006864988,last_accepted_winner,default,Investor,"[[""Article"", ""MENTIONS_INVESTOR"", ""Investor""]]",MENTIONS_INVESTOR,cc3b710f71c548c7b28052a29827d26b,rejected,7,TSLA,1,True
0.528604118993135,step_1_candidate_0,0.006864988558352381,baseline_article_embedding,fundamental,EconomicIndicator,"[[""Article"", ""MENTIONS"", ""EconomicIndicator""]]",REFERENCES,1a57b00853a34c499f7b7dd2ab55faf5,rejected,1,TSLA,0,False
0.6292906178489703,step_1_candidate_1,0.10755148741418774,baseline_article_embedding,fundamental,RegulatoryBody,"[[""Article"", ""MENTIONS_REGULATORY_BODY"", ""RegulatoryBody""]]",MENTIONS_REGULATORY_BODY,1a57b00853a34c499f7b7dd2ab55faf5,accepted,1,TSLA,1,True
0.6178489702517163,step_2_candidate_0,-0.011441647597254079,last_accepted_winner,fundamental,CreditRating,"[[""Company"", ""HAS_CREDIT_RATING"", ""CreditRating""]]",HAS_CREDIT_RATING,1a57b00853a34c499f7b7dd2ab55faf5,rejected,2,TSLA,0,True
0.5606407322654462,step_2_candidate_1,-0.06864988558352414,last_accepted_winner,fundamental,GeographicRegion,"[[""Company"", ""LOCATED_IN"", ""GeographicRegion""]]",LOCATED_IN,1a57b00853a34c499f7b7dd2ab55faf5,rejected,2,TSLA,1,False
0.5606407322654463,step_3_candidate_0,-0.06864988558352403,last_accepted_winner,fundamental,MarketEvent,"[[""Article"", ""TRIGGERS"", ""MarketEvent""]]",TRIGGERS,1a57b00853a34c499f7b7dd2ab55faf5,rejected,3,TSLA,0,True
0.471395881006865,step_3_candidate_1,-0.1578947368421053,last_accepted_winner,fundamental,EarningsReport,"[[""Company"", ""HAS_EARNINGS_REPORT"", ""EarningsReport""]]",HAS_EARNINGS_REPORT,1a57b00853a34c499f7b7dd2ab55faf5,rejected,3,TSLA,1,False
0.49199084668192217,step_4_candidate_0,-0.13729977116704817,last_accepted_winner,fundamental,CorporateAction,"[[""Company"", ""ANNOUNCES_CORPORATE_ACTION"", ""CorporateAction""]]",ANNOUNCES_CORPORATE_ACTION,1a57b00853a34c499f7b7dd2ab55faf5,rejected,4,TSLA,0,False
0.49656750572082375,step_4_candidate_1,-0.13272311212814658,last_accepted_winner,fundamental,Industry,"[[""Company"", ""OPERATES_IN"", ""Industry""]]",OPERATES_IN,1a57b00853a34c499f7b7dd2ab55faf5,rejected,4,TSLA,1,True
0.4759725400457666,step_5_candidate_0,-0.15331807780320372,last_accepted_winner,fundamental,MarketIndex,"[[""Article"", ""MENTIONS_MARKET_INDEX"", ""MarketIndex""]]",MENTIONS_MARKET_INDEX,1a57b00853a34c499f7b7dd2ab55faf5,rejected,5,TSLA,0,True
0.3707093821510298,step_5_candidate_1,-0.25858123569794056,last_accepted_winner,fundamental,Executive,"[[""Article"", ""MENTIONS_EXECUTIVE"", ""Executive""]]",MENTIONS_EXECUTIVE,1a57b00853a34c499f7b7dd2ab55faf5,rejected,5,TSLA,1,False
0.47139588100686497,step_6_candidate_0,-0.15789473684210537,last_accepted_winner,fundamental,LegalAction,"[[""Article"", ""INVOLVES_LEGAL_ACTION"", ""LegalAction""], [""Company"", ""INVOLVES_LEGAL_ACTION"", ""LegalAction""], [""RegulatoryBody"", ""INVOLVES_LEGAL_ACTION"", ""LegalAction""]]",INVOLVES_LEGAL_ACTION,1a57b00853a34c499f7b7dd2ab55faf5,rejected,6,TSLA,0,False
0.4874141876430206,step_6_candidate_1,-0.14187643020594976,last_accepted_winner,fundamental,Product,"[[""Article"", ""MENTIONS_PRODUCT"", ""Product""]]",MENTIONS_PRODUCT,1a57b00853a34c499f7b7dd2ab55faf5,rejected,6,TSLA,1,True
0.5766590389016018,step_7_candidate_0,-0.052631578947368585,last_accepted_winner,fundamental,FinancialStatement,"[[""Article"", ""DISCLOSURES"", ""FinancialStatement""]]",DISCLOSURES,1a57b00853a34c499f7b7dd2ab55faf5,rejected,7,TSLA,0,True
0.5377574370709383,step_7_candidate_1,-0.09153318077803207,last_accepted_winner,fundamental,InvestorSentiment,"[[""Article"", ""HAS_INVESTOR_SENTIMENT"", ""InvestorSentiment""]]",HAS_INVESTOR_SENTIMENT,1a57b00853a34c499f7b7dd2ab55faf5,rejected,7,TSLA,1,False
0.402745995423341,step_1_candidate_0,-0.24713958810068637,baseline_article_embedding,fundamental,EconomicIndicator,"[[""Article"", ""MENTIONS"", ""EconomicIndicator""]]",REFERENCES,3f3a1746b0394cf581b81a8a4f10b181,rejected,1,TSLA,0,False
0.6292906178489702,step_1_candidate_1,-0.020594965675057142,baseline_article_embedding,fundamental,RegulatoryBody,"[[""Article"", ""MENTIONS_REGULATORY_BODY"", ""RegulatoryBody""]]",MENTIONS_REGULATORY_BODY,3f3a1746b0394cf581b81a8a4f10b181,accepted,1,TSLA,1,True
0.5652173913043478,step_2_candidate_0,-0.06407322654462244,last_accepted_winner,fundamental,CreditRating,"[[""Company"", ""HAS_CREDIT_RATING"", ""CreditRating""]]",HAS_CREDIT_RATING,3f3a1746b0394cf581b81a8a4f10b181,rejected,2,TSLA,0,True
0.32494279176201374,step_2_candidate_1,-0.3043478260869565,last_accepted_winner,fundamental,GeographicRegion,"[[""Company"", ""LOCATED_IN"", ""GeographicRegion""]]",LOCATED_IN,3f3a1746b0394cf581b81a8a4f10b181,rejected,2,TSLA,1,False
0.5263157894736842,step_3_candidate_0,-0.10297482837528604,last_accepted_winner,fundamental,Industry,"[[""Company"", ""OPERATES_IN"", ""Industry""]]",OPERATES_IN,3f3a1746b0394cf581b81a8a4f10b181,rejected,3,TSLA,0,True
0.49656750572082375,step_3_candidate_1,-0.13272311212814647,last_accepted_winner,fundamental,CorporateAction,"[[""Article"", ""TRIGGERS"", ""CorporateAction""], [""Company"", ""TRIGGERS"", ""CorporateAction""]]",TRIGGERS,3f3a1746b0394cf581b81a8a4f10b181,rejected,3,TSLA,1,False
0.42562929061784893,step_4_candidate_0,-0.2036613272311213,last_accepted_winner,fundamental,MarketEvent,"[[""Article"", ""REPORTS_ON"", ""MarketEvent""]]",REPORTS_ON,3f3a1746b0394cf581b81a8a4f10b181,rejected,4,TSLA,0,True
0.3729977116704805,step_4_candidate_1,-0.2562929061784897,last_accepted_winner,fundamental,CorporateAction,"[[""Article"", ""DESCRIBES_CORPORATE_ACTION"", ""CorporateAction""]]",DESCRIBES_CORPORATE_ACTION,3f3a1746b0394cf581b81a8a4f10b181,rejected,4,TSLA,1,False
0.5011441647597255,step_5_candidate_0,-0.12814645308924477,last_accepted_winner,fundamental,EarningsReport,"[[""Company"", ""HAS_EARNINGS_REPORT"", ""EarningsReport""]]",HAS_EARNINGS_REPORT,3f3a1746b0394cf581b81a8a4f10b181,rejected,5,TSLA,0,True
0.4759725400457666,step_5_candidate_1,-0.1533180778032036,last_accepted_winner,fundamental,MarketEvent,"[[""Article"", ""DESCRIBES_MARKET_EVENT"", ""MarketEvent""]]",DESCRIBES_MARKET_EVENT,3f3a1746b0394cf581b81a8a4f10b181,rejected,5,TSLA,1,False
0.6132723112128147,step_1_candidate_0,0.09153318077803207,baseline_article_embedding,event_driven,EconomicIndicator,"[[""Article"", ""MENTIONS"", ""EconomicIndicator""]]",REFERENCES,831c7ddd855c4991b98a165e10c62625,accepted,1,TSLA,0,True
0.49656750572082387,step_1_candidate_1,-0.02517162471395873,baseline_article_embedding,event_driven,EarningsReport,"[[""Company"", ""HAS_EARNINGS"", ""EarningsReport""]]",HAS_EARNINGS,831c7ddd855c4991b98a165e10c62625,rejected,1,TSLA,1,False
0.4462242562929062,step_2_candidate_0,-0.16704805491990848,last_accepted_winner,event_driven,RegulatoryBody,"[[""Article"", ""MENTIONS"", ""RegulatoryBody""], [""EconomicIndicator"", ""ISSUED_BY"", ""RegulatoryBody""]]",ISSUED_BY,831c7ddd855c4991b98a165e10c62625,rejected,2,TSLA,0,True
0.39816933638443935,step_2_candidate_1,-0.21510297482837532,last_accepted_winner,event_driven,CreditRating,"[[""Company"", ""HAS_CREDIT_RATING"", ""CreditRating""]]",HAS_CREDIT_RATING,831c7ddd855c4991b98a165e10c62625,rejected,2,TSLA,1,False
0.4004576659038902,step_3_candidate_0,-0.21281464530892447,last_accepted_winner,event_driven,RegulatoryAnnouncement,"[[""RegulatoryAnnouncement"", ""ANNOUNCED_BY"", ""Company""], [""Article"", ""MENTIONS"", ""RegulatoryAnnouncement""]]",ANNOUNCED_BY,831c7ddd855c4991b98a165e10c62625,rejected,3,TSLA,0,False
0.4508009153318077,step_3_candidate_1,-0.16247139588100695,last_accepted_winner,event_driven,CorporateAction,"[[""Company"", ""ANNOUNCES"", ""CorporateAction""], [""Article"", ""MENTIONS"", ""CorporateAction""]]",ANNOUNCES,831c7ddd855c4991b98a165e10c62625,rejected,3,TSLA,1,True
0.4050343249427918,step_4_candidate_0,-0.20823798627002288,last_accepted_winner,event_driven,RegulatoryAnnouncement,"[[""RegulatoryAnnouncement"", ""ANNOUNCES"", ""Company""], [""Article"", ""MENTIONS"", ""RegulatoryAnnouncement""]]",ANNOUNCES,831c7ddd855c4991b98a165e10c62625,rejected,4,TSLA,0,False
0.5240274599542334,step_4_candidate_1,-0.08924485125858128,last_accepted_winner,event_driven,MarketSentiment,"[[""Article"", ""HAS_SENTIMENT"", ""MarketSentiment""]]",HAS_SENTIMENT,831c7ddd855c4991b98a165e10c62625,rejected,4,TSLA,1,True
0.5491990846681922,step_5_candidate_0,-0.06407322654462244,last_accepted_winner,event_driven,GeographicRegion,"[[""Company"", ""LOCATED_IN"", ""GeographicRegion""], [""Article"", ""MENTIONS"", ""GeographicRegion""]]",LOCATED_IN,831c7ddd855c4991b98a165e10c62625,rejected,5,TSLA,0,True
0.5194508009153318,step_5_candidate_1,-0.09382151029748287,last_accepted_winner,event_driven,MarketEvent,"[[""Article"", ""ANNOUNCES_EVENT"", ""MarketEvent""]]",ANNOUNCES_EVENT,831c7ddd855c4991b98a165e10c62625,rejected,5,TSLA,1,False
0.5080091533180778,step_6_candidate_0,-0.10526315789473684,last_accepted_winner,event_driven,MarketEvent,"[[""Article"", ""ANNOUNCES"", ""MarketEvent""], [""MarketEvent"", ""RELATES_TO"", ""Company""]]",ANNOUNCES,831c7ddd855c4991b98a165e10c62625,rejected,6,TSLA,0,False
0.528604118993135,step_6_candidate_1,-0.0846681922196797,last_accepted_winner,event_driven,CorporateAction,"[[""Article"", ""ANNOUNCES_ACTION"", ""CorporateAction""], [""Company"", ""ANNOUNCES_ACTION"", ""CorporateAction""]]",ANNOUNCES_ACTION,831c7ddd855c4991b98a165e10c62625,rejected,6,TSLA,1,True
0.6270022883295194,step_7_candidate_0,0.013729977116704761,last_accepted_winner,event_driven,RegulatoryAnnouncement,"[[""RegulatoryAnnouncement"", ""ANNOUNCES_REGULATORY"", ""Company""], [""Article"", ""MENTIONS"", ""RegulatoryAnnouncement""]]",ANNOUNCES_REGULATORY,831c7ddd855c4991b98a165e10c62625,accepted,7,TSLA,0,True
0.5148741418764302,step_7_candidate_1,-0.09839816933638446,last_accepted_winner,event_driven,MarketEvent,"[[""Article"", ""TRIGGERS"", ""MarketEvent""], [""MarketEvent"", ""TRIGGERS"", ""Article""]]",TRIGGERS,831c7ddd855c4991b98a165e10c62625,rejected,7,TSLA,1,False
0.5835240274599542,step_1_candidate_0,0.06178489702517165,baseline_article_embedding,fundamental,EconomicIndicator,"[[""Article"", ""MENTIONS"", ""EconomicIndicator""]]",REFERENCES,912536a531084b1abe733bf0ef09a945,accepted,1,TSLA,0,True
0.47368421052631576,step_1_candidate_1,-0.04805491990846683,baseline_article_embedding,fundamental,RegulatoryBody,"[[""Article"", ""MENTIONS_REGULATORY_BODY"", ""RegulatoryBody""]]",MENTIONS_REGULATORY_BODY,912536a531084b1abe733bf0ef09a945,rejected,1,TSLA,1,False
0.5583524027459954,step_2_candidate_0,-0.02517162471395884,last_accepted_winner,fundamental,CreditRating,"[[""Company"", ""HAS_CREDIT_RATING"", ""CreditRating""]]",HAS_CREDIT_RATING,912536a531084b1abe733bf0ef09a945,rejected,2,TSLA,0,False
0.5606407322654462,step_2_candidate_1,-0.022883295194508046,last_accepted_winner,fundamental,RegulatoryAnnouncement,"[[""Article"", ""MENTIONS_REGULATORY_ANNOUNCEMENT"", ""RegulatoryAnnouncement""]]",MENTIONS_REGULATORY_ANNOUNCEMENT,912536a531084b1abe733bf0ef09a945,rejected,2,TSLA,1,True
0.6224256292906178,step_3_candidate_0,0.0389016018306636,last_accepted_winner,fundamental,CorporateAction,"[[""Company"", ""ANNOUNCES_CORPORATE_ACTION"", ""CorporateAction""]]",ANNOUNCES_CORPORATE_ACTION,912536a531084b1abe733bf0ef09a945,accepted,3,TSLA,0,True
0.494279176201373,step_3_candidate_1,-0.08924485125858123,last_accepted_winner,fundamental,GeographicRegion,"[[""Article"", ""MENTIONS_GEOGRAPHIC_REGION"", ""GeographicRegion""]]",MENTIONS_GEOGRAPHIC_REGION,912536a531084b1abe733bf0ef09a945,rejected,3,TSLA,1,False
0.5881006864988559,step_1_candidate_0,0.06636155606407335,baseline_article_embedding,fundamental,EconomicIndicator,"[[""Article"", ""MENTIONS"", ""EconomicIndicator""]]",REFERENCES,6e7c0cf8e42d444ab55d0e454ca54435,rejected,1,TSLA,0,False
0.6201372997711672,step_1_candidate_1,0.09839816933638457,baseline_article_embedding,fundamental,EarningsReport,"[[""Company"", ""HAS_EARNINGS"", ""EarningsReport""]]",HAS_EARNINGS,6e7c0cf8e42d444ab55d0e454ca54435,accepted,1,TSLA,1,True
0.4439359267734554,step_2_candidate_0,-0.17620137299771177,last_accepted_winner,fundamental,RegulatoryBody,"[[""Article"", ""MENTIONS_REGULATORY"", ""RegulatoryBody""]]",MENTIONS_REGULATORY,6e7c0cf8e42d444ab55d0e454ca54435,rejected,2,TSLA,0,False
0.5400457665903889,step_2_candidate_1,-0.08009153318077822,last_accepted_winner,fundamental,CreditRating,"[[""Company"", ""HAS_CREDIT_RATING"", ""CreditRating""]]",HAS_CREDIT_RATING,6e7c0cf8e42d444ab55d0e454ca54435,rejected,2,TSLA,1,True
0.4965675057208238,step_3_candidate_0,-0.12356979405034335,last_accepted_winner,fundamental,RegulatoryAnnouncement,"[[""Company"", ""HAS_REGULATORY_ANNOUNCEMENT"", ""RegulatoryAnnouncement""]]",HAS_REGULATORY_ANNOUNCEMENT,6e7c0cf8e42d444ab55d0e454ca54435,rejected,3,TSLA,0,False
0.5080091533180777,step_3_candidate_1,-0.11212814645308944,last_accepted_winner,fundamental,MergerAcquisition,"[[""Company"", ""ANNOUNCES_M&A"", ""MergerAcquisition""]]",ANNOUNCES_M&A,6e7c0cf8e42d444ab55d0e454ca54435,rejected,3,TSLA,1,True
0.4096109839816933,step_4_candidate_0,-0.21052631578947384,last_accepted_winner,fundamental,MarketIndex,"[[""Article"", ""REFERENCES_INDEX"", ""MarketIndex""]]",REFERENCES_INDEX,6e7c0cf8e42d444ab55d0e454ca54435,rejected,4,TSLA,0,True
0.31807780320366136,step_4_candidate_1,-0.3020594965675058,last_accepted_winner,fundamental,Sentiment,"[[""Article"", ""HAS_SENTIMENT"", ""Sentiment""]]",HAS_SENTIMENT,6e7c0cf8e42d444ab55d0e454ca54435,rejected,4,TSLA,1,False
0.37986270022883295,step_5_candidate_0,-0.2402745995423342,last_accepted_winner,fundamental,MarketEvent,"[[""Article"", ""TRIGGERS"", ""MarketEvent""]]",TRIGGERS,6e7c0cf8e42d444ab55d0e454ca54435,rejected,5,TSLA,0,True
0.37757437070938216,step_5_candidate_1,-0.242562929061785,last_accepted_winner,fundamental,ProductLaunch,"[[""Company"", ""ANNOUNCES_LAUNCH"", ""ProductLaunch""]]",ANNOUNCES_LAUNCH,6e7c0cf8e42d444ab55d0e454ca54435,rejected,5,TSLA,1,False
0.45080091533180777,step_1_candidate_0,-0.10755148741418763,baseline_article_embedding,fundamental,EconomicIndicator,"[[""Article"", ""MENTIONS"", ""EconomicIndicator""]]",REFERENCES,3caedd7280bb4f1db7acec606cd9b3a5,accepted,1,TSLA,0,True
0.44393592677345534,step_1_candidate_1,-0.11441647597254007,baseline_article_embedding,fundamental,RegulatoryBody,"[[""Article"", ""MENTIONS_REGULATORY_BODY"", ""RegulatoryBody""]]",MENTIONS_REGULATORY_BODY,3caedd7280bb4f1db7acec606cd9b3a5,rejected,1,TSLA,1,False
0.6178489702517163,step_2_candidate_0,0.16704805491990848,last_accepted_winner,fundamental,CreditRating,"[[""Company"", ""HAS_CREDIT_RATING"", ""CreditRating""]]",HAS_CREDIT_RATING,3caedd7280bb4f1db7acec606cd9b3a5,accepted,2,TSLA,0,True
0.517162471395881,step_2_candidate_1,0.06636155606407323,last_accepted_winner,fundamental,Sector,"[[""Company"", ""BELONGS_TO"", ""Sector""]]",BELONGS_TO,3caedd7280bb4f1db7acec606cd9b3a5,rejected,2,TSLA,1,False
0.471395881006865,step_3_candidate_0,-0.14645308924485123,last_accepted_winner,fundamental,RegulatoryAnnouncement,"[[""Article"", ""MENTIONS_REGULATORY_ANNOUNCEMENT"", ""RegulatoryAnnouncement""]]",MENTIONS_REGULATORY_ANNOUNCEMENT,3caedd7280bb4f1db7acec606cd9b3a5,rejected,3,TSLA,0,False
0.4851258581235698,step_3_candidate_1,-0.13272311212814647,last_accepted_winner,fundamental,MergerAcquisition,"[[""Article"", ""MENTIONS_MERGER_ACQUISITION"", ""MergerAcquisition""]]",MENTIONS_MERGER_ACQUISITION,3caedd7280bb4f1db7acec606cd9b3a5,rejected,3,TSLA,1,True
0.562929061784897,step_4_candidate_0,-0.05491990846681927,last_accepted_winner,fundamental,RegulatoryAnnouncement,"[[""Article"", ""MENTIONS_REGULATORY_ANNOUNCEMENT"", ""RegulatoryAnnouncement""]]",MENTIONS_REGULATORY_ANNOUNCEMENT,3caedd7280bb4f1db7acec606cd9b3a5,rejected,4,TSLA,0,True
0.5011441647597253,step_4_candidate_1,-0.11670480549199092,last_accepted_winner,fundamental,Dividend,"[[""Company"", ""ANNOUNCES_DIVIDEND"", ""Dividend""]]",ANNOUNCES_DIVIDEND,3caedd7280bb4f1db7acec606cd9b3a5,rejected,4,TSLA,1,False
0.5148741418764302,step_5_candidate_0,-0.10297482837528604,last_accepted_winner,fundamental,RegulatoryAnnouncement,"[[""Article"", ""MENTIONS_REGULATORY_ANNOUNCEMENT"", ""RegulatoryAnnouncement""]]",MENTIONS_REGULATORY_ANNOUNCEMENT,3caedd7280bb4f1db7acec606cd9b3a5,rejected,5,TSLA,0,False
0.6155606407322655,step_5_candidate_1,-0.0022883295194507935,last_accepted_winner,fundamental,Executive,"[[""Article"", ""MENTIONS_EXECUTIVE"", ""Executive""]]",MENTIONS_EXECUTIVE,3caedd7280bb4f1db7acec606cd9b3a5,rejected,5,TSLA,1,True
0.5697940503432495,step_6_candidate_0,-0.048054919908466776,last_accepted_winner,fundamental,RegulatoryAnnouncement,"[[""Article"", ""MENTIONS_REGULATORY_ANNOUNCEMENT"", ""RegulatoryAnnouncement""]]",MENTIONS_REGULATORY_ANNOUNCEMENT,3caedd7280bb4f1db7acec606cd9b3a5,rejected,6,TSLA,0,False
0.5789473684210527,step_6_candidate_1,-0.0389016018306636,last_accepted_winner,fundamental,RegulatoryAnnouncement,"[[""Article"", ""MENTIONS_REGULATORY_ANNOUNCEMENT"", ""RegulatoryAnnouncement""]]",MENTIONS_REGULATORY_ANNOUNCEMENT,3caedd7280bb4f1db7acec606cd9b3a5,rejected,6,TSLA,1,True
0.5995423340961098,step_7_candidate_0,-0.01830663615560646,last_accepted_winner,fundamental,RegulatoryBody,"[[""CreditRating"", ""ISSUED_BY"", ""RegulatoryBody""]]",ISSUED_BY,3caedd7280bb4f1db7acec606cd9b3a5,rejected,7,TSLA,0,True
0.4897025171624714,step_7_candidate_1,-0.12814645308924488,last_accepted_winner,fundamental,RegulatoryBody,"[[""Article"", ""MENTIONS_REGULATORY_BODY"", ""RegulatoryBody""]]",MENTIONS_REGULATORY_BODY,3caedd7280bb4f1db7acec606cd9b3a5,rejected,7,TSLA,1,False
0.4851258581235698,step_1_candidate_0,-0.03661327231121281,baseline_article_embedding,default,EconomicIndicator,"[[""Article"", ""MENTIONS"", ""EconomicIndicator""]]",REFERENCES,6429a2d13c654bada325e346516056dc,rejected,1,TSLA,0,False
0.6132723112128147,step_1_candidate_1,0.09153318077803207,baseline_article_embedding,default,RegulatoryBody,"[[""Article"", ""MENTIONS_REGULATORY_BODY"", ""RegulatoryBody""]]",MENTIONS_REGULATORY_BODY,6429a2d13c654bada325e346516056dc,accepted,1,TSLA,1,True
0.5274599542334096,step_2_candidate_0,-0.08581235697940504,last_accepted_winner,default,CreditRating,"[[""Company"", ""HAS_CREDIT_RATING"", ""CreditRating""]]",HAS_CREDIT_RATING,6429a2d13c654bada325e346516056dc,rejected,2,TSLA,0,True
0.505720823798627,step_2_candidate_1,-0.10755148741418763,last_accepted_winner,default,GeographicRegion,"[[""Company"", ""LOCATED_IN"", ""GeographicRegion""]]",LOCATED_IN,6429a2d13c654bada325e346516056dc,rejected,2,TSLA,1,False
0.32723112128146453,step_3_candidate_0,-0.28604118993135014,last_accepted_winner,default,Industry,"[[""Company"", ""OPERATES_IN"", ""Industry""]]",OPERATES_IN,6429a2d13c654bada325e346516056dc,rejected,3,TSLA,0,False
0.42562929061784893,step_3_candidate_1,-0.18764302059496574,last_accepted_winner,default,CorporateAction,"[[""Article"", ""TRIGGERS"", ""CorporateAction""], [""Company"", ""TRIGGERS"", ""CorporateAction""]]",TRIGGERS,6429a2d13c654bada325e346516056dc,rejected,3,TSLA,1,True
0.4805491990846682,step_1_candidate_0,-0.0778032036613272,baseline_article_embedding,default,EconomicIndicator,"[[""Article"", ""MENTIONS"", ""EconomicIndicator""]]",REFERENCES,1788192735a841d7aedf5b6cc6244067,accepted,1,TSLA,0,True
0.45308924485125857,step_1_candidate_1,-0.10526315789473684,baseline_article_embedding,default,RegulatoryBody,"[[""Article"", ""MENTIONS_REGULATORY_BODY"", ""RegulatoryBody""]]",MENTIONS_REGULATORY_BODY,1788192735a841d7aedf5b6cc6244067,rejected,1,TSLA,1,False
0.6109839816933638,step_2_candidate_0,0.13043478260869557,last_accepted_winner,default,CreditRating,"[[""Article"", ""ASSIGNMENT"", ""CreditRating""]]",ASSIGNMENT,1788192735a841d7aedf5b6cc6244067,accepted,2,TSLA,0,True
0.49656750572082387,step_2_candidate_1,0.016018306636155666,last_accepted_winner,default,RegulatoryAnnouncement,"[[""RegulatoryAnnouncement"", ""ANNOUNCED_BY"", ""Article""], [""RegulatoryAnnouncement"", ""PUBLISHED_ON"", ""Day""]]",ANNOUNCED_BY,1788192735a841d7aedf5b6cc6244067,rejected,2,TSLA,1,False
0.4302059496567506,step_3_candidate_0,-0.1807780320366132,last_accepted_winner,default,MergerAcquisition,"[[""Company"", ""ANNOUNCES_M&A"", ""MergerAcquisition""], [""Article"", ""ANNOUNCES_M&A"", ""MergerAcquisition""]]",ANNOUNCES_M&A,1788192735a841d7aedf5b6cc6244067,rejected,3,TSLA,0,False
0.49885583524027466,step_3_candidate_1,-0.1121281464530891,last_accepted_winner,default,RegulatoryAnnouncement,"[[""Company"", ""ANNOUNCES_REGULATORY"", ""RegulatoryAnnouncement""]]",ANNOUNCES_REGULATORY,1788192735a841d7aedf5b6cc6244067,rejected,3,TSLA,1,True
0.4096109839816934,step_4_candidate_0,-0.2013729977116704,last_accepted_winner,default,RegulatoryAnnouncement,"[[""Article"", ""ANNOUNCES_REGULATORY"", ""RegulatoryAnnouncement""]]",ANNOUNCES_REGULATORY,1788192735a841d7aedf5b6cc6244067,rejected,4,TSLA,0,False
0.4439359267734554,step_4_candidate_1,-0.16704805491990837,last_accepted_winner,default,RegulatoryAnnouncement,"[[""Article"", ""ANNOUNCES_REGULATORY"", ""RegulatoryAnnouncement""]]",ANNOUNCES_REGULATORY,1788192735a841d7aedf5b6cc6244067,rejected,4,TSLA,1,True
0.47139588100686497,step_5_candidate_0,-0.1395881006864988,last_accepted_winner,default,MarketSentiment,"[[""Article"", ""HAS_SENTIMENT"", ""MarketSentiment""]]",HAS_SENTIMENT,1788192735a841d7aedf5b6cc6244067,rejected,5,TSLA,0,True
0.45766590389016015,step_5_candidate_1,-0.1533180778032036,last_accepted_winner,default,RegulatoryAnnouncement,"[[""Article"", ""ANNOUNCES_REGULATORY"", ""RegulatoryAnnouncement""]]",ANNOUNCES_REGULATORY,1788192735a841d7aedf5b6cc6244067,rejected,5,TSLA,1,False
0.3638443935926774,step_1_candidate_0,-0.194508009153318,baseline_article_embedding,event_driven,EconomicIndicator,"[[""Article"", ""MENTIONS"", ""EconomicIndicator""]]",REFERENCES,97ce828d90464f0d904d89e7107e01f8,rejected,1,TSLA,0,False
0.5858123569794049,step_1_candidate_1,0.027459954233409523,baseline_article_embedding,event_driven,RegulatoryBody,"[[""Article"", ""MENTIONS_REGULATORY_BODY"", ""RegulatoryBody""]]",MENTIONS_REGULATORY_BODY,97ce828d90464f0d904d89e7107e01f8,accepted,1,TSLA,1,True
0.540045766590389,step_2_candidate_0,-0.04576659038901587,last_accepted_winner,event_driven,CreditRating,"[[""Company"", ""HAS_CREDIT_RATING"", ""CreditRating""]]",HAS_CREDIT_RATING,97ce828d90464f0d904d89e7107e01f8,rejected,2,TSLA,0,False
0.5423340961098398,step_2_candidate_1,-0.04347826086956508,last_accepted_winner,event_driven,GeographicRegion,"[[""Company"", ""LOCATED_IN"", ""GeographicRegion""]]",LOCATED_IN,97ce828d90464f0d904d89e7107e01f8,rejected,2,TSLA,1,True
0.45995423340961095,step_3_candidate_0,-0.12585812356979398,last_accepted_winner,event_driven,Industry,"[[""Company"", ""OPERATES_IN"", ""Industry""]]",OPERATES_IN,97ce828d90464f0d904d89e7107e01f8,rejected,3,TSLA,0,True
0.3180778032036613,step_3_candidate_1,-0.2677345537757436,last_accepted_winner,event_driven,CorporateAction,"[[""Article"", ""DESCRIBES_CORPORATE_ACTION"", ""CorporateAction""]]",DESCRIBES_CORPORATE_ACTION,97ce828d90464f0d904d89e7107e01f8,rejected,3,TSLA,1,False
0.5789473684210527,step_4_candidate_0,-0.00686498855835227,last_accepted_winner,event_driven,MarketIndex,"[[""Article"", ""MENTIONS_MARKET_INDEX"", ""MarketIndex""]]",MENTIONS_MARKET_INDEX,97ce828d90464f0d904d89e7107e01f8,rejected,4,TSLA,0,False
0.6086956521739131,step_4_candidate_1,0.022883295194508158,last_accepted_winner,event_driven,LegalAction,"[[""Article"", ""INVOLVES_LEGAL_ACTION"", ""LegalAction""]]",INVOLVES_LEGAL_ACTION,97ce828d90464f0d904d89e7107e01f8,accepted,4,TSLA,1,True
0.5537757437070938,step_5_candidate_0,-0.05491990846681927,last_accepted_winner,event_driven,Executive,"[[""Article"", ""MENTIONS_EXECUTIVE"", ""Executive""]]",MENTIONS_EXECUTIVE,97ce828d90464f0d904d89e7107e01f8,rejected,5,TSLA,0,True
0.46910755148741423,step_5_candidate_1,-0.13958810068649885,last_accepted_winner,event_driven,Product,"[[""Article"", ""MENTIONS_PRODUCT"", ""Product""]]",MENTIONS_PRODUCT,97ce828d90464f0d904d89e7107e01f8,rejected,5,TSLA,1,False
0.5240274599542334,step_6_candidate_0,-0.0846681922196797,last_accepted_winner,event_driven,MarketCap,"[[""Company"", ""HAS_MARKET_CAP"", ""MarketCap""]]",HAS_MARKET_CAP,97ce828d90464f0d904d89e7107e01f8,rejected,6,TSLA,0,True
0.34324942791762014,step_6_candidate_1,-0.26544622425629294,last_accepted_winner,event_driven,EarningsReport,"[[""Company"", ""HAS_EARNINGS_REPORT"", ""EarningsReport""]]",HAS_EARNINGS_REPORT,97ce828d90464f0d904d89e7107e01f8,rejected,6,TSLA,1,False
0.402745995423341,step_7_candidate_0,-0.20594965675057209,last_accepted_winner,event_driven,MergersAndAcquisitions,"[[""Article"", ""DESCRIBES_M&A"", ""MergersAndAcquisitions""]]",DESCRIBES_M&A,97ce828d90464f0d904d89e7107e01f8,rejected,7,TSLA,0,False
0.49199084668192217,step_7_candidate_1,-0.11670480549199092,last_accepted_winner,event_driven,Competitor,"[[""Company"", ""COMPETES_WITH"", ""Competitor""]]",COMPETES_WITH,97ce828d90464f0d904d89e7107e01f8,rejected,7,TSLA,1,True
0.49199084668192217,step_1_candidate_0,-0.029748283752860427,baseline_article_embedding,default,EconomicIndicator,"[[""Article"", ""MENTIONS"", ""EconomicIndicator""]]",REFERENCES,7cf7a61f42204e9ab62bcf14d1c698f2,rejected,1,TSLA,0,False
0.5446224256292906,step_1_candidate_1,0.022883295194508046,baseline_article_embedding,default,RegulatoryBody,"[[""Article"", ""ISSUED_BY"", ""RegulatoryBody""]]",ISSUED_BY,7cf7a61f42204e9ab62bcf14d1c698f2,accepted,1,TSLA,1,True
0.5789473684210527,step_2_candidate_0,0.034324942791762014,last_accepted_winner,default,CreditRating,"[[""Company"", ""HAS_CREDIT_RATING"", ""CreditRating""]]",HAS_CREDIT_RATING,7cf7a61f42204e9ab62bcf14d1c698f2,accepted,2,TSLA,0,True
0.4897025171624714,step_2_candidate_1,-0.05491990846681927,last_accepted_winner,default,GeographicRegion,"[[""Company"", ""LOCATED_IN"", ""GeographicRegion""]]",LOCATED_IN,7cf7a61f42204e9ab62bcf14d1c698f2,rejected,2,TSLA,1,False
0.5835240274599542,step_3_candidate_0,0.004576659038901587,last_accepted_winner,default,MarketIndex,"[[""Article"", ""MENTIONS"", ""MarketIndex""]]",REFERENCES,7cf7a61f42204e9ab62bcf14d1c698f2,rejected,3,TSLA,0,False
0.608695652173913,step_3_candidate_1,0.029748283752860316,last_accepted_winner,default,CorporateAction,"[[""Company"", ""ANNOUNCES"", ""CorporateAction""], [""Article"", ""ANNOUNCES"", ""CorporateAction""]]",ANNOUNCES,7cf7a61f42204e9ab62bcf14d1c698f2,accepted,3,TSLA,1,True
0.5354691075514874,step_4_candidate_0,-0.07322654462242562,last_accepted_winner,default,EarningsReport,"[[""Company"", ""REPORTS_EARNINGS"", ""EarningsReport""], [""Article"", ""REPORTS_EARNINGS"", ""EarningsReport""]]",REPORTS_EARNINGS,7cf7a61f42204e9ab62bcf14d1c698f2,rejected,4,TSLA,0,False
0.5995423340961099,step_4_candidate_1,-0.009153318077803063,last_accepted_winner,default,EconomicSector,"[[""Company"", ""BELONGS_TO"", ""EconomicSector""]]",BELONGS_TO,7cf7a61f42204e9ab62bcf14d1c698f2,rejected,4,TSLA,1,True
0.5491990846681922,step_5_candidate_0,-0.05949656750572074,last_accepted_winner,default,EconomicEvent,"[[""Article"", ""REPORTS"", ""EconomicEvent""]]",REPORTS,7cf7a61f42204e9ab62bcf14d1c698f2,rejected,5,TSLA,0,True
0.49885583524027455,step_5_candidate_1,-0.10983981693363842,last_accepted_winner,default,EconomicEvent,"[[""Article"", ""REPORTS"", ""EconomicEvent""]]",REPORTS,7cf7a61f42204e9ab62bcf14d1c698f2,rejected,5,TSLA,1,False
0.4347826086956522,step_1_candidate_0,-0.08695652173913038,baseline_article_embedding,event_driven,EconomicIndicator,"[[""Article"", ""MENTIONS"", ""EconomicIndicator""]]",REFERENCES,3ccbba8ba9d84009adb2b086511b3c04,rejected,1,TSLA,0,False
0.49427917620137296,step_1_candidate_1,-0.027459954233409634,baseline_article_embedding,event_driven,RegulatoryBody,"[[""Article"", ""MENTIONS_REGULATORY_BODY"", ""RegulatoryBody""]]",MENTIONS_REGULATORY_BODY,3ccbba8ba9d84009adb2b086511b3c04,accepted,1,TSLA,1,True
0.6041189931350114,step_2_candidate_0,0.10983981693363842,last_accepted_winner,event_driven,CreditRating,"[[""Company"", ""HAS_CREDIT_RATING"", ""CreditRating""]]",HAS_CREDIT_RATING,3ccbba8ba9d84009adb2b086511b3c04,accepted,2,TSLA,0,True
0.3958810068649885,step_2_candidate_1,-0.09839816933638446,last_accepted_winner,event_driven,GeographicRegion,"[[""Company"", ""LOCATED_IN"", ""GeographicRegion""]]",LOCATED_IN,3ccbba8ba9d84009adb2b086511b3c04,rejected,2,TSLA,1,False
0.4645308924485126,step_3_candidate_0,-0.1395881006864988,last_accepted_winner,event_driven,CorporateAction,"[[""Company"", ""ANNOUNCES"", ""CorporateAction""], [""Article"", ""MENTIONS"", ""CorporateAction""]]",ANNOUNCES,3ccbba8ba9d84009adb2b086511b3c04,rejected,3,TSLA,0,True
0.34553775743707094,step_3_candidate_1,-0.25858123569794045,last_accepted_winner,event_driven,MarketIndex,"[[""Article"", ""MENTIONS_MARKET_INDEX"", ""MarketIndex""]]",MENTIONS_MARKET_INDEX,3ccbba8ba9d84009adb2b086511b3c04,rejected,3,TSLA,1,False
0.43935926773455375,step_4_candidate_0,-0.16475972540045764,last_accepted_winner,event_driven,EarningsReport,"[[""Company"", ""REPORTS_EARNINGS"", ""EarningsReport""]]",REPORTS_EARNINGS,3ccbba8ba9d84009adb2b086511b3c04,rejected,4,TSLA,0,True
0.34553775743707094,step_4_candidate_1,-0.25858123569794045,last_accepted_winner,event_driven,Industry,"[[""Company"", ""OPERATES_IN"", ""Industry""]]",OPERATES_IN,3ccbba8ba9d84009adb2b086511b3c04,rejected,4,TSLA,1,False
0.37986270022883295,step_5_candidate_0,-0.22425629290617843,last_accepted_winner,event_driven,LegalAction,"[[""Article"", ""INVOLVES_LEGAL_ACTION"", ""LegalAction""], [""Company"", ""INVOLVES_LEGAL_ACTION"", ""LegalAction""]]",INVOLVES_LEGAL_ACTION,3ccbba8ba9d84009adb2b086511b3c04,rejected,5,TSLA,0,True
0.3386727688787185,step_5_candidate_1,-0.2654462242562929,last_accepted_winner,event_driven,Executive,"[[""Article"", ""MENTIONS_EXECUTIVE"", ""Executive""]]",MENTIONS_EXECUTIVE,3ccbba8ba9d84009adb2b086511b3c04,rejected,5,TSLA,1,False
0.425629290617849,step_6_candidate_0,-0.1784897025171624,last_accepted_winner,event_driven,MarketCap,"[[""Company"", ""HAS_MARKET_CAP"", ""MarketCap""]]",HAS_MARKET_CAP,3ccbba8ba9d84009adb2b086511b3c04,rejected,6,TSLA,0,True
0.3890160183066361,step_6_candidate_1,-0.21510297482837526,last_accepted_winner,event_driven,Dividend,"[[""Company"", ""ANNOUNCES_DIVIDEND"", ""Dividend""]]",ANNOUNCES_DIVIDEND,3ccbba8ba9d84009adb2b086511b3c04,rejected,6,TSLA,1,False
0.2929061784897025,step_7_candidate_0,-0.31121281464530887,last_accepted_winner,event_driven,Product,"[[""Article"", ""MENTIONS_PRODUCT"", ""Product""]]",MENTIONS_PRODUCT,3ccbba8ba9d84009adb2b086511b3c04,rejected,7,TSLA,0,False
0.4622425629290618,step_7_candidate_1,-0.1418764302059496,last_accepted_winner,event_driven,MarketEvent,"[[""Article"", ""MENTIONS_MARKET_EVENT"", ""MarketEvent""]]",MENTIONS_MARKET_EVENT,3ccbba8ba9d84009adb2b086511b3c04,rejected,7,TSLA,1,True
0.517162471395881,step_1_candidate_0,-0.004576659038901587,baseline_article_embedding,fundamental,EconomicIndicator,"[[""Article"", ""MENTIONS"", ""EconomicIndicator""]]",REFERENCES,e535c269408446e390521c71c4586f22,rejected,1,TSLA,0,False
0.5835240274599542,step_1_candidate_1,0.06178489702517165,baseline_article_embedding,fundamental,RegulatoryBody,"[[""Article"", ""MENTIONS_REGULATORY_BODY"", ""RegulatoryBody""]]",MENTIONS_REGULATORY_BODY,e535c269408446e390521c71c4586f22,accepted,1,TSLA,1,True
0.517162471395881,step_2_candidate_0,-0.06636155606407323,last_accepted_winner,fundamental,CreditRating,"[[""Company"", ""HAS_CREDIT_RATING"", ""CreditRating""]]",HAS_CREDIT_RATING,e535c269408446e390521c71c4586f22,rejected,2,TSLA,0,True
0.5102974828375286,step_2_candidate_1,-0.07322654462242562,last_accepted_winner,fundamental,GeographicRegion,"[[""Article"", ""MENTIONS_REGION"", ""GeographicRegion""]]",MENTIONS_REGION,e535c269408446e390521c71c4586f22,rejected,2,TSLA,1,False
0.5263157894736842,step_3_candidate_0,-0.05720823798627006,last_accepted_winner,fundamental,MarketIndex,"[[""Article"", ""MENTIONS_MARKET_INDEX"", ""MarketIndex""]]",MENTIONS_MARKET_INDEX,e535c269408446e390521c71c4586f22,rejected,3,TSLA,0,False
0.551487414187643,step_3_candidate_1,-0.03203661327231122,last_accepted_winner,fundamental,CorporateAction,"[[""Article"", ""DESCRIBES_CORPORATE_ACTION"", ""CorporateAction""]]",DESCRIBES_CORPORATE_ACTION,e535c269408446e390521c71c4586f22,rejected,3,TSLA,1,True
0.5537757437070938,step_4_candidate_0,-0.029748283752860427,last_accepted_winner,fundamental,Industry,"[[""Company"", ""OPERATES_IN"", ""Industry""]]",OPERATES_IN,e535c269408446e390521c71c4586f22,rejected,4,TSLA,0,False
0.5583524027459954,step_4_candidate_1,-0.02517162471395884,last_accepted_winner,fundamental,LegalAction,"[[""Article"", ""INVOLVES_LEGAL_ACTION"", ""LegalAction""]]",INVOLVES_LEGAL_ACTION,e535c269408446e390521c71c4586f22,rejected,4,TSLA,1,True
0.562929061784897,step_5_candidate_0,-0.020594965675057253,last_accepted_winner,fundamental,EarningsReport,"[[""Company"", ""HAS_EARNINGS_REPORT"", ""EarningsReport""]]",HAS_EARNINGS_REPORT,e535c269408446e390521c71c4586f22,rejected,5,TSLA,0,False
0.5926773455377574,step_5_candidate_1,0.009153318077803174,last_accepted_winner,fundamental,Product,"[[""Article"", ""MENTIONS_PRODUCT"", ""Product""]]",MENTIONS_PRODUCT,e535c269408446e390521c71c4586f22,accepted,5,TSLA,1,True
0.5240274599542334,step_1_candidate_0,0.0022883295194507935,baseline_article_embedding,event_driven,EconomicIndicator,"[[""Article"", ""MENTIONS"", ""EconomicIndicator""]]",REFERENCES,ba2b7b9d22bd4a8589ad2e97c5cb8f20,accepted,1,TSLA,0,True
0.45080091533180777,step_1_candidate_1,-0.07093821510297482,baseline_article_embedding,event_driven,RegulatoryBody,"[[""Article"", ""ISSUED_BY"", ""RegulatoryBody""]]",ISSUED_BY,ba2b7b9d22bd4a8589ad2e97c5cb8f20,rejected,1,TSLA,1,False
0.437070938215103,step_2_candidate_0,-0.08695652173913038,last_accepted_winner,event_driven,CreditRating,"[[""Company"", ""HAS_CREDIT_RATING"", ""CreditRating""]]",HAS_CREDIT_RATING,ba2b7b9d22bd4a8589ad2e97c5cb8f20,rejected,2,TSLA,0,False
0.585812356979405,step_2_candidate_1,0.06178489702517165,last_accepted_winner,event_driven,Sector,"[[""Company"", ""BELONGS_TO"", ""Sector""]]",BELONGS_TO,ba2b7b9d22bd4a8589ad2e97c5cb8f20,accepted,2,TSLA,1,True
0.5926773455377574,step_3_candidate_0,0.006864988558352381,last_accepted_winner,event_driven,RegulatoryAnnouncement,"[[""RegulatoryAnnouncement"", ""ANNOUNCED_BY"", ""Company""], [""Article"", ""RELATES_TO"", ""RegulatoryAnnouncement""]]",ANNOUNCED_BY,ba2b7b9d22bd4a8589ad2e97c5cb8f20,accepted,3,TSLA,0,True
0.38443935926773454,step_3_candidate_1,-0.2013729977116705,last_accepted_winner,event_driven,MergerAcquisition,"[[""Company"", ""ANNOUNCES_M&A"", ""MergerAcquisition""]]",ANNOUNCES_M&A,ba2b7b9d22bd4a8589ad2e97c5cb8f20,rejected,3,TSLA,1,False
0.37528604118993136,step_4_candidate_0,-0.21739130434782605,last_accepted_winner,event_driven,GeographicRegion,"[[""Company"", ""LOCATED_IN"", ""GeographicRegion""]]",LOCATED_IN,ba2b7b9d22bd4a8589ad2e97c5cb8f20,rejected,4,TSLA,0,False
0.5011441647597255,step_4_candidate_1,-0.09153318077803196,last_accepted_winner,event_driven,Executive,"[[""Company"", ""HAS_EXECUTIVE"", ""Executive""]]",HAS_EXECUTIVE,ba2b7b9d22bd4a8589ad2e97c5cb8f20,rejected,4,TSLA,1,True
0.44622425629290613,step_5_candidate_0,-0.1464530892448513,last_accepted_winner,event_driven,MarketEvent,"[[""Article"", ""TRIGGERS"", ""MarketEvent""], [""Company"", ""TRIGGERS"", ""MarketEvent""], [""EconomicIndicator"", ""TRIGGERS"", ""MarketEvent""]]",TRIGGERS,ba2b7b9d22bd4a8589ad2e97c5cb8f20,rejected,5,TSLA,0,True
0.4187643020594966,step_5_candidate_1,-0.1739130434782608,last_accepted_winner,event_driven,ProductLaunch,"[[""Company"", ""ANNOUNCES_PRODUCT_LAUNCH"", ""ProductLaunch""], [""Article"", ""MENTIONS"", ""ProductLaunch""]]",ANNOUNCES_PRODUCT_LAUNCH,ba2b7b9d22bd4a8589ad2e97c5cb8f20,rejected,5,TSLA,1,False
0.5240274599542335,step_1_candidate_0,0.0022883295194509046,baseline_article_embedding,fundamental,EconomicIndicator,"[[""Article"", ""MENTIONS"", ""EconomicIndicator""]]",REFERENCES,84ae77b00c1c4326a1717882d9a9914b,rejected,1,TSLA,0,False
0.5881006864988558,step_1_candidate_1,0.06636155606407323,baseline_article_embedding,fundamental,RegulatoryBody,"[[""Article"", ""ISSUED_BY"", ""RegulatoryBody""]]",ISSUED_BY,84ae77b00c1c4326a1717882d9a9914b,accepted,1,TSLA,1,True
0.41189931350114417,step_2_candidate_0,-0.17620137299771166,last_accepted_winner,fundamental,CreditRating,"[[""Company"", ""HAS_CREDIT_RATING"", ""CreditRating""]]",HAS_CREDIT_RATING,84ae77b00c1c4326a1717882d9a9914b,rejected,2,TSLA,0,True
0.4050343249427918,step_2_candidate_1,-0.18306636155606404,last_accepted_winner,fundamental,GeographicRegion,"[[""Company"", ""LOCATED_IN"", ""GeographicRegion""]]",LOCATED_IN,84ae77b00c1c4326a1717882d9a9914b,rejected,2,TSLA,1,False
0.3981693363844394,step_3_candidate_0,-0.18993135011441642,last_accepted_winner,fundamental,MarketIndex,"[[""Article"", ""AFFECTS"", ""MarketIndex""]]",AFFECTS,84ae77b00c1c4326a1717882d9a9914b,rejected,3,TSLA,0,False
0.4965675057208238,step_3_candidate_1,-0.09153318077803202,last_accepted_winner,fundamental,CorporateAction,"[[""Article"", ""TRIGGERS"", ""CorporateAction""], [""Company"", ""TRIGGERS"", ""CorporateAction""]]",TRIGGERS,84ae77b00c1c4326a1717882d9a9914b,rejected,3,TSLA,1,True
0.4553775743707094,step_1_candidate_0,-0.19450800915331795,baseline_article_embedding,default,EconomicIndicator,"[[""Article"", ""MENTIONS"", ""EconomicIndicator""]]",REFERENCES,643f3dd865c347ed823f7e2419bbbf5a,rejected,1,TSLA,0,False
0.5652173913043478,step_1_candidate_1,-0.08466819221967958,baseline_article_embedding,default,EarningsReport,"[[""Company"", ""HAS_EARNINGS"", ""EarningsReport""]]",HAS_EARNINGS,643f3dd865c347ed823f7e2419bbbf5a,accepted,1,TSLA,1,True
0.562929061784897,step_2_candidate_0,-0.0022883295194507935,last_accepted_winner,default,RegulatoryBody,"[[""Article"", ""MENTIONS_REGULATORY"", ""RegulatoryBody""]]",MENTIONS_REGULATORY,643f3dd865c347ed823f7e2419bbbf5a,rejected,2,TSLA,0,False
0.5881006864988558,step_2_candidate_1,0.022883295194508046,last_accepted_winner,default,RegulatoryAnnouncement,"[[""Company"", ""HAS_REGULATORY_ANNOUNCEMENT"", ""RegulatoryAnnouncement""]]",HAS_REGULATORY_ANNOUNCEMENT,643f3dd865c347ed823f7e2419bbbf5a,accepted,2,TSLA,1,True
0.4485125858123569,step_3_candidate_0,-0.1395881006864989,last_accepted_winner,default,CreditRating,"[[""Company"", ""HAS_CREDIT_RATING"", ""CreditRating""]]",HAS_CREDIT_RATING,643f3dd865c347ed823f7e2419bbbf5a,rejected,3,TSLA,0,False
0.540045766590389,step_3_candidate_1,-0.048054919908466776,last_accepted_winner,default,GeographicRegion,"[[""Company"", ""OPERATES_IN"", ""GeographicRegion""]]",OPERATES_IN,643f3dd865c347ed823f7e2419bbbf5a,rejected,3,TSLA,1,True
0.3981693363844394,step_1_candidate_0,-0.160183066361556,baseline_article_embedding,fundamental,EconomicIndicator,"[[""Article"", ""MENTIONS"", ""EconomicIndicator""]]",REFERENCES,5cbad7683bf74a57b8056a6d01866ea1,rejected,1,TSLA,0,False
0.5835240274599544,step_1_candidate_1,0.02517162471395895,baseline_article_embedding,fundamental,RegulatoryBody,"[[""Article"", ""MENTIONS_REGULATORY_BODY"", ""RegulatoryBody""]]",MENTIONS_REGULATORY_BODY,5cbad7683bf74a57b8056a6d01866ea1,accepted,1,TSLA,1,True
0.45995423340961095,step_2_candidate_0,-0.1235697940503434,last_accepted_winner,fundamental,CreditRating,"[[""Company"", ""HAS_CREDIT_RATING"", ""CreditRating""]]",HAS_CREDIT_RATING,5cbad7683bf74a57b8056a6d01866ea1,rejected,2,TSLA,0,True
0.37986270022883295,step_2_candidate_1,-0.2036613272311214,last_accepted_winner,fundamental,GeographicRegion,"[[""Company"", ""LOCATED_IN"", ""GeographicRegion""]]",LOCATED_IN,5cbad7683bf74a57b8056a6d01866ea1,rejected,2,TSLA,1,False
0.5446224256292906,step_3_candidate_0,-0.03890160183066371,last_accepted_winner,fundamental,Industry,"[[""Company"", ""OPERATES_IN"", ""Industry""]]",OPERATES_IN,5cbad7683bf74a57b8056a6d01866ea1,rejected,3,TSLA,0,True
0.49427917620137296,step_3_candidate_1,-0.08924485125858139,last_accepted_winner,fundamental,CorporateAction,"[[""Article"", ""TRIGGERS"", ""CorporateAction""], [""Company"", ""TRIGGERS"", ""CorporateAction""]]",TRIGGERS,5cbad7683bf74a57b8056a6d01866ea1,rejected,3,TSLA,1,False
0.5446224256292906,step_4_candidate_0,-0.03890160183066371,last_accepted_winner,fundamental,MarketEvent,"[[""Article"", ""TRIGGERS_MARKET_EVENT"", ""MarketEvent""]]",TRIGGERS_MARKET_EVENT,5cbad7683bf74a57b8056a6d01866ea1,rejected,4,TSLA,0,True
0.471395881006865,step_4_candidate_1,-0.11212814645308933,last_accepted_winner,fundamental,EarningsReport,"[[""Company"", ""HAS_EARNINGS_REPORT"", ""EarningsReport""]]",HAS_EARNINGS_REPORT,5cbad7683bf74a57b8056a6d01866ea1,rejected,4,TSLA,1,False
0.505720823798627,step_5_candidate_0,-0.07780320366132731,last_accepted_winner,fundamental,MarketIndex,"[[""Article"", ""MENTIONS_MARKET_INDEX"", ""MarketIndex""]]",MENTIONS_MARKET_INDEX,5cbad7683bf74a57b8056a6d01866ea1,rejected,5,TSLA,0,True
0.482837528604119,step_5_candidate_1,-0.10068649885583536,last_accepted_winner,fundamental,CorporateAction,"[[""Article"", ""MENTIONS_CORPORATE_ACTION"", ""CorporateAction""]]",MENTIONS_CORPORATE_ACTION,5cbad7683bf74a57b8056a6d01866ea1,rejected,5,TSLA,1,False
0.5835240274599542,step_1_candidate_0,0.06178489702517165,baseline_article_embedding,event_driven,EconomicIndicator,"[[""Article"", ""MENTIONS"", ""EconomicIndicator""]]",REFERENCES,a0bc392a67a546169e61bac5718d5136,accepted,1,TSLA,0,True
0.5080091533180777,step_1_candidate_1,-0.013729977116704872,baseline_article_embedding,event_driven,RegulatoryBody,"[[""Article"", ""MENTIONS_REGULATORY_BODY"", ""RegulatoryBody""]]",MENTIONS_REGULATORY_BODY,a0bc392a67a546169e61bac5718d5136,rejected,1,TSLA,1,False
0.4897025171624714,step_2_candidate_0,-0.09382151029748287,last_accepted_winner,event_driven,CreditRating,"[[""Company"", ""HAS_CREDIT_RATING"", ""CreditRating""]]",HAS_CREDIT_RATING,a0bc392a67a546169e61bac5718d5136,rejected,2,TSLA,0,True
0.4736842105263158,step_2_candidate_1,-0.10983981693363842,last_accepted_winner,event_driven,RegulatoryAnnouncement,"[[""Article"", ""MENTIONS_REGULATORY_ANNOUNCEMENT"", ""RegulatoryAnnouncement""]]",MENTIONS_REGULATORY_ANNOUNCEMENT,a0bc392a67a546169e61bac5718d5136,rejected,2,TSLA,1,False
0.45766590389016015,step_3_candidate_0,-0.1258581235697941,last_accepted_winner,event_driven,Sector,"[[""Company"", ""BELONGS_TO"", ""Sector""]]",BELONGS_TO,a0bc392a67a546169e61bac5718d5136,rejected,3,TSLA,0,True
0.38215102974828374,step_3_candidate_1,-0.2013729977116705,last_accepted_winner,event_driven,CorporateAction,"[[""Article"", ""TRIGGERS"", ""CorporateAction""], [""Company"", ""TRIGGERS"", ""CorporateAction""]]",TRIGGERS,a0bc392a67a546169e61bac5718d5136,rejected,3,TSLA,1,False
0.3707093821510298,step_1_candidate_0,-0.18764302059496563,baseline_article_embedding,event_driven,EconomicIndicator,"[[""Article"", ""MENTIONS"", ""EconomicIndicator""]]",REFERENCES,ae9ec49cc46e460dbe94c264c6a71a02,rejected,1,TSLA,0,False
0.5537757437070938,step_1_candidate_1,-0.004576659038901587,baseline_article_embedding,event_driven,RegulatoryBody,"[[""Article"", ""MENTIONS_REGULATORY_BODY"", ""RegulatoryBody""]]",MENTIONS_REGULATORY_BODY,ae9ec49cc46e460dbe94c264c6a71a02,accepted,1,TSLA,1,True
0.38672768878718533,step_2_candidate_0,-0.16704805491990848,last_accepted_winner,event_driven,CreditRating,"[[""Company"", ""HAS_CREDIT_RATING"", ""CreditRating""]]",HAS_CREDIT_RATING,ae9ec49cc46e460dbe94c264c6a71a02,rejected,2,TSLA,0,False
0.4919908466819222,step_2_candidate_1,-0.06178489702517159,last_accepted_winner,event_driven,GeographicRegion,"[[""Company"", ""LOCATED_IN"", ""GeographicRegion""]]",LOCATED_IN,ae9ec49cc46e460dbe94c264c6a71a02,rejected,2,TSLA,1,True
0.5011441647597255,step_3_candidate_0,-0.05263157894736836,last_accepted_winner,event_driven,Industry,"[[""Company"", ""OPERATES_IN"", ""Industry""]]",OPERATES_IN,ae9ec49cc46e460dbe94c264c6a71a02,rejected,3,TSLA,0,False
0.5743707093821511,step_3_candidate_1,0.020594965675057253,last_accepted_winner,event_driven,MarketIndex,"[[""Article"", ""MENTIONS_MARKET_INDEX"", ""MarketIndex""]]",MENTIONS_MARKET_INDEX,ae9ec49cc46e460dbe94c264c6a71a02,accepted,3,TSLA,1,True
0.5583524027459954,step_4_candidate_0,-0.016018306636155666,last_accepted_winner,event_driven,CorporateAction,"[[""Article"", ""MENTIONS_CORPORATE_ACTION"", ""CorporateAction""]]",MENTIONS_CORPORATE_ACTION,ae9ec49cc46e460dbe94c264c6a71a02,rejected,4,TSLA,0,True
0.40274599542334094,step_4_candidate_1,-0.17162471395881013,last_accepted_winner,event_driven,EarningsReport,"[[""Article"", ""MENTIONS_EARNINGS_REPORT"", ""EarningsReport""]]",MENTIONS_EARNINGS_REPORT,ae9ec49cc46e460dbe94c264c6a71a02,rejected,4,TSLA,1,False
0.4691075514874142,step_5_candidate_0,-0.10526315789473689,last_accepted_winner,event_driven,Executive,"[[""Article"", ""MENTIONS_EXECUTIVE"", ""Executive""]]",MENTIONS_EXECUTIVE,ae9ec49cc46e460dbe94c264c6a71a02,rejected,5,TSLA,0,False
0.5102974828375286,step_5_candidate_1,-0.06407322654462244,last_accepted_winner,event_driven,Product,"[[""Article"", ""MENTIONS_PRODUCT"", ""Product""]]",MENTIONS_PRODUCT,ae9ec49cc46e460dbe94c264c6a71a02,rejected,5,TSLA,1,True
0.49885583524027466,step_1_candidate_0,-0.022883295194507935,baseline_article_embedding,default,EconomicIndicator,"[[""Article"", ""MENTIONS"", ""EconomicIndicator""]]",REFERENCES,6e63ca86c17a4c2aa1906440695c434a,rejected,1,TSLA,0,False
0.5423340961098398,step_1_candidate_1,0.020594965675057253,baseline_article_embedding,default,RegulatoryBody,"[[""Article"", ""MENTIONS_REGULATORY_BODY"", ""RegulatoryBody""]]",MENTIONS_REGULATORY_BODY,6e63ca86c17a4c2aa1906440695c434a,accepted,1,TSLA,1,True
0.41647597254004576,step_2_candidate_0,-0.1258581235697941,last_accepted_winner,default,CreditRating,"[[""Company"", ""HAS_CREDIT_RATING"", ""CreditRating""]]",HAS_CREDIT_RATING,6e63ca86c17a4c2aa1906440695c434a,rejected,2,TSLA,0,False
0.46910755148741423,step_2_candidate_1,-0.07322654462242562,last_accepted_winner,default,GeographicRegion,"[[""Company"", ""LOCATED_IN"", ""GeographicRegion""]]",LOCATED_IN,6e63ca86c17a4c2aa1906440695c434a,rejected,2,TSLA,1,True
0.5034324942791761,step_3_candidate_0,-0.03890160183066371,last_accepted_winner,default,Industry,"[[""Company"", ""OPERATES_IN"", ""Industry""]]",OPERATES_IN,6e63ca86c17a4c2aa1906440695c434a,rejected,3,TSLA,0,False
0.505720823798627,step_3_candidate_1,-0.03661327231121281,last_accepted_winner,default,CorporateAction,"[[""Article"", ""DESCRIBES_CORPORATE_ACTION"", ""CorporateAction""]]",DESCRIBES_CORPORATE_ACTION,6e63ca86c17a4c2aa1906440695c434a,rejected,3,TSLA,1,True
0.5217391304347827,step_4_candidate_0,-0.020594965675057142,last_accepted_winner,default,MarketIndex,"[[""Article"", ""MENTIONS_MARKET_INDEX"", ""MarketIndex""]]",MENTIONS_MARKET_INDEX,6e63ca86c17a4c2aa1906440695c434a,rejected,4,TSLA,0,True
0.49427917620137296,step_4_candidate_1,-0.04805491990846689,last_accepted_winner,default,LegalAction,"[[""Article"", ""INVOLVES_LEGAL_ACTION"", ""LegalAction""]]",INVOLVES_LEGAL_ACTION,6e63ca86c17a4c2aa1906440695c434a,rejected,4,TSLA,1,False
0.4553775743707094,step_5_candidate_0,-0.08695652173913043,last_accepted_winner,default,LegalEntity,"[[""Article"", ""MENTIONS_LEGAL_ENTITY"", ""LegalEntity""]]",MENTIONS_LEGAL_ENTITY,6e63ca86c17a4c2aa1906440695c434a,rejected,5,TSLA,0,False
0.551487414187643,step_5_candidate_1,0.009153318077803174,last_accepted_winner,default,Product,"[[""Article"", ""MENTIONS_PRODUCT"", ""Product""]]",MENTIONS_PRODUCT,6e63ca86c17a4c2aa1906440695c434a,accepted,5,TSLA,1,True
0.4805491990846682,step_6_candidate_0,-0.07093821510297482,last_accepted_winner,default,Executive,"[[""Article"", ""MENTIONS_EXECUTIVE"", ""Executive""]]",MENTIONS_EXECUTIVE,6e63ca86c17a4c2aa1906440695c434a,rejected,6,TSLA,0,True
0.4210526315789474,step_6_candidate_1,-0.13043478260869562,last_accepted_winner,default,MarketEvent,"[[""Article"", ""MENTIONS_MARKET_EVENT"", ""MarketEvent""]]",MENTIONS_MARKET_EVENT,6e63ca86c17a4c2aa1906440695c434a,rejected,6,TSLA,1,False
0.5720823798627002,step_7_candidate_0,0.020594965675057142,last_accepted_winner,default,EarningsReport,"[[""Article"", ""MENTIONS_EARNINGS_REPORT"", ""EarningsReport""]]",MENTIONS_EARNINGS_REPORT,6e63ca86c17a4c2aa1906440695c434a,accepted,7,TSLA,0,True
0.4897025171624714,step_7_candidate_1,-0.06178489702517165,last_accepted_winner,default,MarketCap,"[[""Company"", ""HAS_MARKET_CAP"", ""MarketCap""]]",HAS_MARKET_CAP,6e63ca86c17a4c2aa1906440695c434a,rejected,7,TSLA,1,False
0.5148741418764302,step_1_candidate_0,-0.13501144164759715,baseline_article_embedding,event_driven,EconomicIndicator,"[[""Article"", ""MENTIONS"", ""EconomicIndicator""]]",REFERENCES,6055b67989884f84a004ab63b7e3a637,rejected,1,TSLA,0,False
0.5720823798627002,step_1_candidate_1,-0.0778032036613272,baseline_article_embedding,event_driven,RegulatoryBody,"[[""Article"", ""MENTIONS_REGULATORY_BODY"", ""RegulatoryBody""]]",MENTIONS_REGULATORY_BODY,6055b67989884f84a004ab63b7e3a637,accepted,1,TSLA,1,True
0.5423340961098397,step_2_candidate_0,-0.029748283752860427,last_accepted_winner,event_driven,CreditRating,"[[""Company"", ""HAS_CREDIT_RATING"", ""CreditRating""]]",HAS_CREDIT_RATING,6055b67989884f84a004ab63b7e3a637,rejected,2,TSLA,0,True
0.4759725400457666,step_2_candidate_1,-0.09610983981693355,last_accepted_winner,event_driven,GeographicRegion,"[[""Company"", ""LOCATED_IN"", ""GeographicRegion""]]",LOCATED_IN,6055b67989884f84a004ab63b7e3a637,rejected,2,TSLA,1,False
0.49885583524027455,step_3_candidate_0,-0.07322654462242562,last_accepted_winner,event_driven,MarketIndex,"[[""Article"", ""MENTIONS_MARKET_INDEX"", ""MarketIndex""]]",MENTIONS_MARKET_INDEX,6055b67989884f84a004ab63b7e3a637,rejected,3,TSLA,0,False
0.517162471395881,step_3_candidate_1,-0.054919908466819156,last_accepted_winner,event_driven,CorporateAction,"[[""Article"", ""MENTIONS_CORPORATE_ACTION"", ""CorporateAction""]]",MENTIONS_CORPORATE_ACTION,6055b67989884f84a004ab63b7e3a637,rejected,3,TSLA,1,True
0.5629290617848971,step_1_candidate_0,0.041189931350114506,baseline_article_embedding,fundamental,EconomicIndicator,"[[""Article"", ""MENTIONS"", ""EconomicIndicator""]]",REFERENCES,29780cc56f64445aabf283e6eee5d9e4,accepted,1,TSLA,0,True
0.5560640732265445,step_1_candidate_1,0.0343249427917619,baseline_article_embedding,fundamental,EarningsReport,"[[""Company"", ""HAS_EARNINGS"", ""EarningsReport""]]",HAS_EARNINGS,29780cc56f64445aabf283e6eee5d9e4,rejected,1,TSLA,1,False
0.5240274599542334,step_2_candidate_0,-0.03890160183066371,last_accepted_winner,fundamental,RegulatoryBody,"[[""Article"", ""MENTIONS"", ""RegulatoryBody""], [""EconomicIndicator"", ""MENTIONS"", ""RegulatoryBody""], [""EconomicIndicator"", ""ISSUED_BY"", ""RegulatoryBody""]]",ISSUED_BY,29780cc56f64445aabf283e6eee5d9e4,rejected,2,TSLA,0,True
0.45080091533180777,step_2_candidate_1,-0.11212814645308933,last_accepted_winner,fundamental,CreditRating,"[[""Company"", ""HAS_CREDIT_RATING"", ""CreditRating""]]",HAS_CREDIT_RATING,29780cc56f64445aabf283e6eee5d9e4,rejected,2,TSLA,1,False
0.49885583524027466,step_3_candidate_0,-0.06407322654462244,last_accepted_winner,fundamental,RegulatoryAnnouncement,"[[""RegulatoryAnnouncement"", ""ANNOUNCED_BY"", ""Company""], [""Article"", ""MENTIONS"", ""RegulatoryAnnouncement""]]",ANNOUNCED_BY,29780cc56f64445aabf283e6eee5d9e4,rejected,3,TSLA,0,True
0.4805491990846682,step_3_candidate_1,-0.0823798627002289,last_accepted_winner,fundamental,RegulatoryAnnouncement,"[[""RegulatoryAnnouncement"", ""ANNOUNCED"", ""Day""], [""Article"", ""MENTIONS"", ""RegulatoryAnnouncement""]]",ANNOUNCED,29780cc56f64445aabf283e6eee5d9e4,rejected,3,TSLA,1,False
0.4073226544622426,step_4_candidate_0,-0.15560640732265452,last_accepted_winner,fundamental,RegulatoryAnnouncement,"[[""RegulatoryAnnouncement"", ""ANNOUNCES"", ""Company""], [""Article"", ""MENTIONS"", ""RegulatoryAnnouncement""]]",ANNOUNCES,29780cc56f64445aabf283e6eee5d9e4,rejected,4,TSLA,0,False
0.4691075514874142,step_4_candidate_1,-0.09382151029748292,last_accepted_winner,fundamental,CorporateAction,"[[""Article"", ""ANNOUNCES_ACTION"", ""CorporateAction""], [""Company"", ""ANNOUNCES_ACTION"", ""CorporateAction""]]",ANNOUNCES_ACTION,29780cc56f64445aabf283e6eee5d9e4,rejected,4,TSLA,1,True
0.5034324942791762,step_5_candidate_0,-0.059496567505720854,last_accepted_winner,fundamental,MarketSentiment,"[[""Article"", ""HAS_SENTIMENT"", ""MarketSentiment""]]",HAS_SENTIMENT,29780cc56f64445aabf283e6eee5d9e4,rejected,5,TSLA,0,True
0.4462242562929062,step_5_candidate_1,-0.11670480549199092,last_accepted_winner,fundamental,MarketEvent,"[[""Article"", ""ANNOUNCES_EVENT"", ""MarketEvent""]]",ANNOUNCES_EVENT,29780cc56f64445aabf283e6eee5d9e4,rejected,5,TSLA,1,False
0.3661327231121282,step_6_candidate_0,-0.1967963386727689,last_accepted_winner,fundamental,MergerAcquisition,"[[""Article"", ""ANNOUNCES_M&A"", ""MergerAcquisition""]]",ANNOUNCES_M&A,29780cc56f64445aabf283e6eee5d9e4,rejected,6,TSLA,0,True
0.2356979405034325,step_6_candidate_1,-0.3272311212814646,last_accepted_winner,fundamental,RegulatoryAnnouncement,"[[""Article"", ""ANNOUNCES_REGULATORY"", ""RegulatoryAnnouncement""]]",ANNOUNCES_REGULATORY,29780cc56f64445aabf283e6eee5d9e4,rejected,6,TSLA,1,False
0.3890160183066361,step_7_candidate_0,-0.17391304347826098,last_accepted_winner,fundamental,GeographicRegion,"[[""Article"", ""IMPACTS_REGION"", ""GeographicRegion""]]",IMPACTS_REGION,29780cc56f64445aabf283e6eee5d9e4,rejected,7,TSLA,0,False
0.43478260869565216,step_7_candidate_1,-0.12814645308924494,last_accepted_winner,fundamental,MergerAcquisition,"[[""Article"", ""ANNOUNCES_M&A"", ""MergerAcquisition""]]",ANNOUNCES_M&A,29780cc56f64445aabf283e6eee5d9e4,rejected,7,TSLA,1,True
0.34096109839816935,step_1_candidate_0,-0.21739130434782605,baseline_article_embedding,fundamental,EconomicIndicator,"[[""Article"", ""MENTIONS"", ""EconomicIndicator""]]",REFERENCES,05724f5089da43b7a6f176387749e799,rejected,1,TSLA,0,False
0.5491990846681922,step_1_candidate_1,-0.009153318077803174,baseline_article_embedding,fundamental,RegulatoryBody,"[[""Article"", ""MENTIONS_REGULATORY_BODY"", ""RegulatoryBody""]]",MENTIONS_REGULATORY_BODY,05724f5089da43b7a6f176387749e799,accepted,1,TSLA,1,True
0.41876430205949655,step_2_candidate_0,-0.13043478260869568,last_accepted_winner,fundamental,CreditRating,"[[""Company"", ""HAS_CREDIT_RATING"", ""CreditRating""]]",HAS_CREDIT_RATING,05724f5089da43b7a6f176387749e799,rejected,2,TSLA,0,False
0.4416475972540046,step_2_candidate_1,-0.10755148741418763,last_accepted_winner,fundamental,GeographicRegion,"[[""Company"", ""LOCATED_IN"", ""GeographicRegion""]]",LOCATED_IN,05724f5089da43b7a6f176387749e799,rejected,2,TSLA,1,True
0.45995423340961095,step_3_candidate_0,-0.08924485125858128,last_accepted_winner,fundamental,MarketEvent,"[[""Article"", ""TRIGGERS"", ""MarketEvent""]]",TRIGGERS,05724f5089da43b7a6f176387749e799,rejected,3,TSLA,0,True
0.40503432494279173,step_3_candidate_1,-0.1441647597254005,last_accepted_winner,fundamental,EarningsReport,"[[""Company"", ""HAS_EARNINGS_REPORT"", ""EarningsReport""]]",HAS_EARNINGS_REPORT,05724f5089da43b7a6f176387749e799,rejected,3,TSLA,1,False
0.5354691075514875,step_1_candidate_0,-0.1144164759725399,baseline_article_embedding,default,EconomicIndicator,"[[""Article"", ""MENTIONS"", ""EconomicIndicator""]]",REFERENCES,032f7c839a274a17968e894f8f44757f,rejected,1,TSLA,0,False
0.5446224256292906,step_1_candidate_1,-0.10526315789473673,baseline_article_embedding,default,RegulatoryBody,"[[""Article"", ""MENTIONS_REGULATORY_BODY"", ""RegulatoryBody""]]",MENTIONS_REGULATORY_BODY,032f7c839a274a17968e894f8f44757f,accepted,1,TSLA,1,True
0.49656750572082375,step_2_candidate_0,-0.04805491990846689,last_accepted_winner,default,CreditRating,"[[""Company"", ""HAS_CREDIT_RATING"", ""CreditRating""]]",HAS_CREDIT_RATING,032f7c839a274a17968e894f8f44757f,rejected,2,TSLA,0,False
0.5354691075514875,step_2_candidate_1,-0.009153318077803174,last_accepted_winner,default,GeographicRegion,"[[""Company"", ""LOCATED_IN"", ""GeographicRegion""]]",LOCATED_IN,032f7c839a274a17968e894f8f44757f,rejected,2,TSLA,1,True
0.4439359267734554,step_3_candidate_0,-0.10068649885583525,last_accepted_winner,default,MarketIndex,"[[""Article"", ""MENTIONS_MARKET_INDEX"", ""MarketIndex""]]",MENTIONS_MARKET_INDEX,032f7c839a274a17968e894f8f44757f,rejected,3,TSLA,0,False
0.5194508009153318,step_3_candidate_1,-0.02517162471395884,last_accepted_winner,default,CorporateAction,"[[""Article"", ""DESCRIBES_CORPORATE_ACTION"", ""CorporateAction""]]",DESCRIBES_CORPORATE_ACTION,032f7c839a274a17968e894f8f44757f,rejected,3,TSLA,1,True
0.4050343249427918,step_4_candidate_0,-0.13958810068649885,last_accepted_winner,default,LegalAction,"[[""Article"", ""INVOLVES_LEGAL_ACTION"", ""LegalAction""]]",INVOLVES_LEGAL_ACTION,032f7c839a274a17968e894f8f44757f,rejected,4,TSLA,0,True
0.2929061784897025,step_4_candidate_1,-0.2517162471395881,last_accepted_winner,default,Product,"[[""Article"", ""MENTIONS_PRODUCT"", ""Product""]]",MENTIONS_PRODUCT,032f7c839a274a17968e894f8f44757f,rejected,4,TSLA,1,False
0.414187643020595,step_5_candidate_0,-0.13043478260869562,last_accepted_winner,default,Industry,"[[""Company"", ""OPERATES_IN"", ""Industry""]]",OPERATES_IN,032f7c839a274a17968e894f8f44757f,rejected,5,TSLA,0,False
0.4874141876430206,step_5_candidate_1,-0.05720823798627006,last_accepted_winner,default,Executive,"[[""Article"", ""MENTIONS_EXECUTIVE"", ""Executive""]]",MENTIONS_EXECUTIVE,032f7c839a274a17968e894f8f44757f,rejected,5,TSLA,1,True
0.4439359267734554,step_1_candidate_0,-0.0778032036613272,baseline_article_embedding,default,EconomicIndicator,"[[""Article"", ""MENTIONS"", ""EconomicIndicator""]]",REFERENCES,896206f0ea76473d9f577b7ae8501e3c,accepted,1,TSLA,0,False
0.4439359267734554,step_1_candidate_1,-0.0778032036613272,baseline_article_embedding,default,RegulatoryBody,"[[""Article"", ""MENTIONS_REGULATORY_BODY"", ""RegulatoryBody""]]",MENTIONS_REGULATORY_BODY,896206f0ea76473d9f577b7ae8501e3c,rejected,1,TSLA,1,False
0.4874141876430206,step_2_candidate_0,0.04347826086956519,last_accepted_winner,default,RegulatoryAnnouncement,"[[""Article"", ""MENTIONS_REGULATORY_ANNOUNCEMENT"", ""RegulatoryAnnouncement""]]",MENTIONS_REGULATORY_ANNOUNCEMENT,896206f0ea76473d9f577b7ae8501e3c,accepted,2,TSLA,0,True
0.48512585812356984,step_2_candidate_1,0.04118993135011445,last_accepted_winner,default,CreditRating,"[[""Company"", ""HAS_CREDIT_RATING"", ""CreditRating""]]",HAS_CREDIT_RATING,896206f0ea76473d9f577b7ae8501e3c,rejected,2,TSLA,1,False
0.437070938215103,step_3_candidate_0,-0.05034324942791757,last_accepted_winner,default,Sector,"[[""Company"", ""OPERATES_IN"", ""Sector""]]",OPERATES_IN,896206f0ea76473d9f577b7ae8501e3c,rejected,3,TSLA,0,True
0.3752860411899313,step_3_candidate_1,-0.11212814645308927,last_accepted_winner,default,MarketEvent,"[[""Article"", ""MENTIONS_MARKET_EVENT"", ""MarketEvent""]]",MENTIONS_MARKET_EVENT,896206f0ea76473d9f577b7ae8501e3c,rejected,3,TSLA,1,False
0.505720823798627,step_4_candidate_0,0.01830663615560646,last_accepted_winner,default,MergerAcquisition,"[[""Article"", ""MENTIONS_MERGER_ACQUISITION"", ""MergerAcquisition""]]",MENTIONS_MERGER_ACQUISITION,896206f0ea76473d9f577b7ae8501e3c,rejected,4,TSLA,0,False
0.540045766590389,step_4_candidate_1,0.052631578947368474,last_accepted_winner,default,GeographicRegion,"[[""Article"", ""MENTIONS_GEOGRAPHIC_REGION"", ""GeographicRegion""]]",MENTIONS_GEOGRAPHIC_REGION,896206f0ea76473d9f577b7ae8501e3c,accepted,4,TSLA,1,True
0.34324942791762014,step_5_candidate_0,-0.1967963386727689,last_accepted_winner,default,Executive,"[[""Article"", ""MENTIONS_EXECUTIVE"", ""Executive""]]",MENTIONS_EXECUTIVE,896206f0ea76473d9f577b7ae8501e3c,rejected,5,TSLA,0,False
0.4096109839816934,step_5_candidate_1,-0.13043478260869568,last_accepted_winner,default,ProductLaunch,"[[""Article"", ""MENTIONS_PRODUCT_LAUNCH"", ""ProductLaunch""]]",MENTIONS_PRODUCT_LAUNCH,896206f0ea76473d9f577b7ae8501e3c,rejected,5,TSLA,1,True
0.47597254004576656,step_1_candidate_0,-0.1739130434782608,baseline_article_embedding,fundamental,EconomicIndicator,"[[""Article"", ""MENTIONS"", ""EconomicIndicator""]]",REFERENCES,5386655bce8a4d3795e53372ab42961c,rejected,1,TSLA,0,False
0.5240274599542334,step_1_candidate_1,-0.12585812356979398,baseline_article_embedding,fundamental,RegulatoryBody,"[[""Article"", ""MENTIONS_REGULATORY_BODY"", ""RegulatoryBody""]]",MENTIONS_REGULATORY_BODY,5386655bce8a4d3795e53372ab42961c,accepted,1,TSLA,1,True
0.4279176201372998,step_2_candidate_0,-0.0961098398169336,last_accepted_winner,fundamental,CreditRating,"[[""Company"", ""HAS_CREDIT_RATING"", ""CreditRating""]]",HAS_CREDIT_RATING,5386655bce8a4d3795e53372ab42961c,rejected,2,TSLA,0,False
0.43478260869565216,step_2_candidate_1,-0.08924485125858123,last_accepted_winner,fundamental,GeographicRegion,"[[""Company"", ""LOCATED_IN"", ""GeographicRegion""]]",LOCATED_IN,5386655bce8a4d3795e53372ab42961c,rejected,2,TSLA,1,True
0.32494279176201374,step_3_candidate_0,-0.19908466819221965,last_accepted_winner,fundamental,MarketIndex,"[[""Article"", ""MENTIONS_MARKET_INDEX"", ""MarketIndex""]]",MENTIONS_MARKET_INDEX,5386655bce8a4d3795e53372ab42961c,rejected,3,TSLA,0,True
0.2951945080091533,step_3_candidate_1,-0.22883295194508008,last_accepted_winner,fundamental,CorporateAction,"[[""Article"", ""DESCRIBES_CORPORATE_ACTION"", ""CorporateAction""]]",DESCRIBES_CORPORATE_ACTION,5386655bce8a4d3795e53372ab42961c,rejected,3,TSLA,1,False
0.42105263157894735,step_1_candidate_0,-0.13729977116704806,baseline_article_embedding,default,EconomicIndicator,"[[""Article"", ""MENTIONS"", ""EconomicIndicator""]]",REFERENCES,e96b022e46dc4ed2b57f89e28949748a,rejected,1,TSLA,0,False
0.4347826086956522,step_1_candidate_1,-0.12356979405034318,baseline_article_embedding,default,RegulatoryBody,"[[""Article"", ""MENTIONS_REGULATORY_BODY"", ""RegulatoryBody""]]",MENTIONS_REGULATORY_BODY,e96b022e46dc4ed2b57f89e28949748a,accepted,1,TSLA,1,True
0.36155606407322655,step_2_candidate_0,-0.07322654462242567,last_accepted_winner,default,CreditRating,"[[""Company"", ""HAS_CREDIT_RATING"", ""CreditRating""]]",HAS_CREDIT_RATING,e96b022e46dc4ed2b57f89e28949748a,rejected,2,TSLA,0,False
0.46910755148741423,step_2_candidate_1,0.034324942791762014,last_accepted_winner,default,GeographicRegion,"[[""Company"", ""LOCATED_IN"", ""GeographicRegion""]]",LOCATED_IN,e96b022e46dc4ed2b57f89e28949748a,accepted,2,TSLA,1,True
0.39359267734553777,step_3_candidate_0,-0.07551487414187646,last_accepted_winner,default,EarningsReport,"[[""Company"", ""HAS_EARNINGS_REPORT"", ""EarningsReport""]]",HAS_EARNINGS_REPORT,e96b022e46dc4ed2b57f89e28949748a,rejected,3,TSLA,0,False
0.4691075514874142,step_3_candidate_1,-5.551115123125783e-17,last_accepted_winner,default,MarketIndex,"[[""Article"", ""AFFECTS"", ""MarketIndex""], [""Company"", ""AFFECTS"", ""MarketIndex""]]",AFFECTS,e96b022e46dc4ed2b57f89e28949748a,rejected,3,TSLA,1,True
0.4840909090909091,step_1_candidate_0,-0.11818181818181817,baseline_article_embedding,event_driven,EconomicIndicator,"[[""Article"", ""MENTIONS"", ""EconomicIndicator""]]",REFERENCES,dadbb5fbd4634b4cac87823fa81e5c93,accepted,1,MSFT,0,True
0.38863636363636367,step_1_candidate_1,-0.21363636363636362,baseline_article_embedding,event_driven,EarningsReport,"[[""Company"", ""HAS_EARNINGS"", ""EarningsReport""]]",HAS_EARNINGS,dadbb5fbd4634b4cac87823fa81e5c93,rejected,1,MSFT,1,False
0.4659090909090909,step_2_candidate_0,-0.018181818181818243,last_accepted_winner,event_driven,RegulatoryBody,"[[""Article"", ""MENTIONS"", ""RegulatoryBody""], [""EconomicIndicator"", ""ISSUED_BY"", ""RegulatoryBody""]]",ISSUED_BY,dadbb5fbd4634b4cac87823fa81e5c93,rejected,2,MSFT,0,False
0.46818181818181814,step_2_candidate_1,-0.015909090909090984,last_accepted_winner,event_driven,CreditRating,"[[""Company"", ""HAS_RATING"", ""CreditRating""]]",HAS_RATING,dadbb5fbd4634b4cac87823fa81e5c93,rejected,2,MSFT,1,True
0.7409090909090909,step_3_candidate_0,0.2568181818181817,last_accepted_winner,event_driven,RegulatoryAnnouncement,"[[""RegulatoryAnnouncement"", ""ANNOUNCED_BY"", ""Company""], [""Article"", ""MENTIONS"", ""RegulatoryAnnouncement""]]",ANNOUNCED_BY,dadbb5fbd4634b4cac87823fa81e5c93,accepted,3,MSFT,0,True
0.5568181818181819,step_3_candidate_1,0.07272727272727275,last_accepted_winner,event_driven,CorporateAction,"[[""Company"", ""ANNOUNCES"", ""CorporateAction""], [""Article"", ""MENTIONS"", ""CorporateAction""]]",ANNOUNCES,dadbb5fbd4634b4cac87823fa81e5c93,rejected,3,MSFT,1,False
0.5272727272727272,step_4_candidate_0,-0.21363636363636362,last_accepted_winner,event_driven,MergerAcquisition,"[[""Company"", ""ANNOUNCES_M&A"", ""MergerAcquisition""], [""Article"", ""MENTIONS"", ""MergerAcquisition""]]",ANNOUNCES_M&A,dadbb5fbd4634b4cac87823fa81e5c93,rejected,4,MSFT,0,False
0.6613636363636364,step_4_candidate_1,-0.07954545454545447,last_accepted_winner,event_driven,ProductLaunch,"[[""Company"", ""ANNOUNCES_PRODUCT"", ""ProductLaunch""], [""Article"", ""MENTIONS"", ""ProductLaunch""]]",ANNOUNCES_PRODUCT,dadbb5fbd4634b4cac87823fa81e5c93,rejected,4,MSFT,1,True
0.4875,step_5_candidate_0,-0.25340909090909086,last_accepted_winner,event_driven,GeographicRegion,"[[""Company"", ""LOCATED_IN"", ""GeographicRegion""], [""Article"", ""MENTIONS"", ""GeographicRegion""]]",LOCATED_IN,dadbb5fbd4634b4cac87823fa81e5c93,rejected,5,MSFT,0,True
0.43636363636363634,step_5_candidate_1,-0.3045454545454545,last_accepted_winner,event_driven,LegalAction,"[[""Article"", ""MENTIONS"", ""LegalAction""], [""Company"", ""INVOLVES"", ""LegalAction""]]",INVOLVES,dadbb5fbd4634b4cac87823fa81e5c93,rejected,5,MSFT,1,False
0.5249999999999999,step_1_candidate_0,-0.002272727272727315,baseline_article_embedding,default,EconomicIndicator,"[[""Article"", ""MENTIONS"", ""EconomicIndicator""]]",REFERENCES,c72999faa2de4d64a1275f1cc7d55487,accepted,1,MSFT,0,True
0.47045454545454546,step_1_candidate_1,-0.05681818181818177,baseline_article_embedding,default,RegulatoryBody,"[[""Article"", ""MENTIONS_REGULATORY_BODY"", ""RegulatoryBody""]]",MENTIONS_REGULATORY_BODY,c72999faa2de4d64a1275f1cc7d55487,rejected,1,MSFT,1,False
0.5454545454545454,step_2_candidate_0,0.020454545454545503,last_accepted_winner,default,CreditRating,"[[""Company"", ""HAS_CREDIT_RATING"", ""CreditRating""]]",HAS_CREDIT_RATING,c72999faa2de4d64a1275f1cc7d55487,accepted,2,MSFT,0,True
0.4704545454545455,step_2_candidate_1,-0.0545454545454544,last_accepted_winner,default,RegulatoryAnnouncement,"[[""Article"", ""MENTIONS_REGULATORY_ANNOUNCEMENT"", ""RegulatoryAnnouncement""]]",MENTIONS_REGULATORY_ANNOUNCEMENT,c72999faa2de4d64a1275f1cc7d55487,rejected,2,MSFT,1,False
0.7272727272727273,step_3_candidate_0,0.18181818181818188,last_accepted_winner,default,MarketEvent,"[[""Article"", ""MENTIONS_MARKET_EVENT"", ""MarketEvent""]]",MENTIONS_MARKET_EVENT,c72999faa2de4d64a1275f1cc7d55487,accepted,3,MSFT,0,True
0.5886363636363636,step_3_candidate_1,0.04318181818181821,last_accepted_winner,default,MarketEvent,"[[""Article"", ""MENTIONS_MARKET_EVENT"", ""MarketEvent""]]",MENTIONS_MARKET_EVENT,c72999faa2de4d64a1275f1cc7d55487,rejected,3,MSFT,1,False
0.48409090909090907,step_1_candidate_0,-0.11818181818181822,baseline_article_embedding,event_driven,EconomicIndicator,"[[""Article"", ""MENTIONS"", ""EconomicIndicator""]]",REFERENCES,29f2b73069f746a5aec1701a853a7a9b,accepted,1,MSFT,0,True
0.4409090909090909,step_1_candidate_1,-0.16136363636363638,baseline_article_embedding,event_driven,RegulatoryBody,"[[""Article"", ""MENTIONS_REGULATORY_BODY"", ""RegulatoryBody""]]",MENTIONS_REGULATORY_BODY,29f2b73069f746a5aec1701a853a7a9b,rejected,1,MSFT,1,False
0.4772727272727273,step_2_candidate_0,-0.006818181818181779,last_accepted_winner,event_driven,CreditRating,"[[""Company"", ""HAS_CREDIT_RATING"", ""CreditRating""]]",HAS_CREDIT_RATING,29f2b73069f746a5aec1701a853a7a9b,rejected,2,MSFT,0,False
0.6000000000000001,step_2_candidate_1,0.11590909090909102,last_accepted_winner,event_driven,RegulatoryAnnouncement,"[[""Article"", ""MENTIONS_REGULATORY_ANNOUNCEMENT"", ""RegulatoryAnnouncement""]]",MENTIONS_REGULATORY_ANNOUNCEMENT,29f2b73069f746a5aec1701a853a7a9b,accepted,2,MSFT,1,True
0.475,step_3_candidate_0,-0.1250000000000001,last_accepted_winner,event_driven,MarketEvent,"[[""Article"", ""MENTIONS_MARKET_EVENT"", ""MarketEvent""]]",MENTIONS_MARKET_EVENT,29f2b73069f746a5aec1701a853a7a9b,rejected,3,MSFT,0,False
0.6886363636363636,step_3_candidate_1,0.08863636363636351,last_accepted_winner,event_driven,CreditRating,"[[""Article"", ""MENTIONS_CREDIT_RATING"", ""CreditRating""]]",MENTIONS_CREDIT_RATING,29f2b73069f746a5aec1701a853a7a9b,accepted,3,MSFT,1,True
0.4431818181818182,step_1_candidate_0,-0.08409090909090905,baseline_article_embedding,default,EconomicIndicator,"[[""Article"", ""MENTIONS"", ""EconomicIndicator""]]",REFERENCES,0b1c5ce5d11a41f5b148301152b2a8bf,rejected,1,MSFT,0,False
0.47272727272727266,step_1_candidate_1,-0.054545454545454564,baseline_article_embedding,default,RegulatoryBody,"[[""Article"", ""MENTIONS_REGULATORY_BODY"", ""RegulatoryBody""]]",MENTIONS_REGULATORY_BODY,0b1c5ce5d11a41f5b148301152b2a8bf,accepted,1,MSFT,1,True
0.42954545454545456,step_2_candidate_0,-0.0431818181818181,last_accepted_winner,default,CreditRating,"[[""RegulatoryBody"", ""ASSIGNES_RATING"", ""CreditRating""]]",ASSIGNES_RATING,0b1c5ce5d11a41f5b148301152b2a8bf,rejected,2,MSFT,0,False
0.675,step_2_candidate_1,0.20227272727272738,last_accepted_winner,default,GeographicRegion,"[[""Company"", ""LOCATED_IN"", ""GeographicRegion""]]",LOCATED_IN,0b1c5ce5d11a41f5b148301152b2a8bf,accepted,2,MSFT,1,True
0.5886363636363636,step_3_candidate_0,-0.08636363636363642,last_accepted_winner,default,MarketIndex,"[[""Article"", ""MENTIONS_MARKET_INDEX"", ""MarketIndex""]]",MENTIONS_MARKET_INDEX,0b1c5ce5d11a41f5b148301152b2a8bf,rejected,3,MSFT,0,False
0.6022727272727273,step_3_candidate_1,-0.07272727272727275,last_accepted_winner,default,CorporateAction,"[[""Article"", ""MENTIONS_CORPORATE_ACTION"", ""CorporateAction""], [""Company"", ""MENTIONS_CORPORATE_ACTION"", ""CorporateAction""]]",MENTIONS_CORPORATE_ACTION,0b1c5ce5d11a41f5b148301152b2a8bf,rejected,3,MSFT,1,True
0.42954545454545456,step_4_candidate_0,-0.24545454545454548,last_accepted_winner,default,Product,"[[""Article"", ""MENTIONS_PRODUCT"", ""Product""]]",MENTIONS_PRODUCT,0b1c5ce5d11a41f5b148301152b2a8bf,rejected,4,MSFT,0,False
0.4477272727272727,step_4_candidate_1,-0.22727272727272735,last_accepted_winner,default,Industry,"[[""Company"", ""OPERATES_IN"", ""Industry""]]",OPERATES_IN,0b1c5ce5d11a41f5b148301152b2a8bf,rejected,4,MSFT,1,True
0.5363636363636364,step_5_candidate_0,-0.13863636363636367,last_accepted_winner,default,LegalAction,"[[""Article"", ""INVOLVES_LEGAL_ACTION"", ""LegalAction""], [""Company"", ""INVOLVES_LEGAL_ACTION"", ""LegalAction""]]",INVOLVES_LEGAL_ACTION,0b1c5ce5d11a41f5b148301152b2a8bf,rejected,5,MSFT,0,True
0.475,step_5_candidate_1,-0.20000000000000007,last_accepted_winner,default,Executive,"[[""Article"", ""MENTIONS_EXECUTIVE"", ""Executive""]]",MENTIONS_EXECUTIVE,0b1c5ce5d11a41f5b148301152b2a8bf,rejected,5,MSFT,1,False
0.49318181818181817,step_6_candidate_0,-0.18181818181818188,last_accepted_winner,default,EarningsReport,"[[""Company"", ""HAS_EARNINGS_REPORT"", ""EarningsReport""]]",HAS_EARNINGS_REPORT,0b1c5ce5d11a41f5b148301152b2a8bf,rejected,6,MSFT,0,True
0.4340909090909091,step_6_candidate_1,-0.24090909090909096,last_accepted_winner,default,FinancialStatement,"[[""Company"", ""HAS_FINANCIAL_STATEMENT"", ""FinancialStatement""]]",HAS_FINANCIAL_STATEMENT,0b1c5ce5d11a41f5b148301152b2a8bf,rejected,6,MSFT,1,False
0.44772727272727275,step_7_candidate_0,-0.2272727272727273,last_accepted_winner,default,MarketCapBucket,"[[""Company"", ""HAS_MARKET_CAP_BUCKET"", ""MarketCapBucket""]]",HAS_MARKET_CAP_BUCKET,0b1c5ce5d11a41f5b148301152b2a8bf,rejected,7,MSFT,0,True
0.42727272727272725,step_7_candidate_1,-0.2477272727272728,last_accepted_winner,default,MergersAndAcquisitions,"[[""Article"", ""MENTIONS_M&A"", ""MergersAndAcquisitions""], [""Company"", ""MENTIONS_M&A"", ""MergersAndAcquisitions""]]",MENTIONS_M&A,0b1c5ce5d11a41f5b148301152b2a8bf,rejected,7,MSFT,1,False
0.42045454545454547,step_1_candidate_0,-0.14318181818181813,baseline_article_embedding,default,EconomicIndicator,"[[""Article"", ""MENTIONS"", ""EconomicIndicator""]]",REFERENCES,0de20346e3dc440f908c5add257bab9b,rejected,1,MSFT,0,False
0.4409090909090909,step_1_candidate_1,-0.12272727272727268,baseline_article_embedding,default,RegulatoryBody,"[[""Article"", ""MENTIONS_REGULATORY_BODY"", ""RegulatoryBody""]]",MENTIONS_REGULATORY_BODY,0de20346e3dc440f908c5add257bab9b,accepted,1,MSFT,1,True
0.4159090909090909,step_2_candidate_0,-0.025000000000000022,last_accepted_winner,default,CreditRating,"[[""Company"", ""HAS_CREDIT_RATING"", ""CreditRating""]]",HAS_CREDIT_RATING,0de20346e3dc440f908c5add257bab9b,rejected,2,MSFT,0,False
0.6681818181818181,step_2_candidate_1,0.22727272727272718,last_accepted_winner,default,GeographicRegion,"[[""Company"", ""LOCATED_IN"", ""GeographicRegion""]]",LOCATED_IN,0de20346e3dc440f908c5add257bab9b,accepted,2,MSFT,1,True
0.475,step_3_candidate_0,-0.19318181818181812,last_accepted_winner,default,EarningsReport,"[[""Company"", ""HAS_EARNINGS_REPORT"", ""EarningsReport""]]",HAS_EARNINGS_REPORT,0de20346e3dc440f908c5add257bab9b,rejected,3,MSFT,0,True
0.4181818181818182,step_3_candidate_1,-0.2499999999999999,last_accepted_winner,default,MarketIndex,"[[""Article"", ""MENTIONS_MARKET_INDEX"", ""MarketIndex""]]",MENTIONS_MARKET_INDEX,0de20346e3dc440f908c5add257bab9b,rejected,3,MSFT,1,False
0.5704545454545454,step_1_candidate_0,0.004545454545454519,baseline_article_embedding,event_driven,EconomicIndicator,"[[""Article"", ""MENTIONS"", ""EconomicIndicator""]]",REFERENCES,caeeaeec9bbc4ed3ba47cbfbd7ab7439,rejected,1,MSFT,0,False
0.6227272727272727,step_1_candidate_1,0.05681818181818177,baseline_article_embedding,event_driven,RegulatoryBody,"[[""Article"", ""MENTIONS_REGULATORY_BODY"", ""RegulatoryBody""]]",MENTIONS_REGULATORY_BODY,caeeaeec9bbc4ed3ba47cbfbd7ab7439,accepted,1,MSFT,1,True
0.5318181818181817,step_2_candidate_0,-0.09090909090909094,last_accepted_winner,event_driven,CreditRating,"[[""Company"", ""HAS_CREDIT_RATING"", ""CreditRating""]]",HAS_CREDIT_RATING,caeeaeec9bbc4ed3ba47cbfbd7ab7439,rejected,2,MSFT,0,True
0.23636363636363633,step_2_candidate_1,-0.38636363636363635,last_accepted_winner,event_driven,GeographicRegion,"[[""Company"", ""LOCATED_IN"", ""GeographicRegion""]]",LOCATED_IN,caeeaeec9bbc4ed3ba47cbfbd7ab7439,rejected,2,MSFT,1,False
0.4954545454545455,step_3_candidate_0,-0.1272727272727272,last_accepted_winner,event_driven,CorporateAction,"[[""Article"", ""TRIGGERS"", ""CorporateAction""], [""Company"", ""TRIGGERS"", ""CorporateAction""]]",TRIGGERS,caeeaeec9bbc4ed3ba47cbfbd7ab7439,rejected,3,MSFT,0,True
0.46590909090909094,step_3_candidate_1,-0.15681818181818175,last_accepted_winner,event_driven,MarketIndex,"[[""Article"", ""IMPACTS"", ""MarketIndex""]]",IMPACTS,caeeaeec9bbc4ed3ba47cbfbd7ab7439,rejected,3,MSFT,1,False
0.5909090909090908,step_4_candidate_0,-0.03181818181818186,last_accepted_winner,event_driven,Industry,"[[""Company"", ""OPERATES_IN"", ""Industry""]]",OPERATES_IN,caeeaeec9bbc4ed3ba47cbfbd7ab7439,rejected,4,MSFT,0,False
0.6409090909090909,step_4_candidate_1,0.018181818181818188,last_accepted_winner,event_driven,LegalAction,"[[""Article"", ""INVOLVES_LEGAL_ACTION"", ""LegalAction""]]",INVOLVES_LEGAL_ACTION,caeeaeec9bbc4ed3ba47cbfbd7ab7439,accepted,4,MSFT,1,True
0.5795454545454546,step_5_candidate_0,-0.06136363636363629,last_accepted_winner,event_driven,MarketCap,"[[""Company"", ""HAS_MARKET_CAP"", ""MarketCap""]]",HAS_MARKET_CAP,caeeaeec9bbc4ed3ba47cbfbd7ab7439,rejected,5,MSFT,0,False
0.665909090909091,step_5_candidate_1,0.025000000000000133,last_accepted_winner,event_driven,EarningsReport,"[[""Company"", ""HAS_EARNINGS_REPORT"", ""EarningsReport""]]",HAS_EARNINGS_REPORT,caeeaeec9bbc4ed3ba47cbfbd7ab7439,accepted,5,MSFT,1,True
0.6454545454545454,step_6_candidate_0,-0.020454545454545614,last_accepted_winner,event_driven,ProductLaunch,"[[""Article"", ""ANNOUNCES_PRODUCT_LAUNCH"", ""ProductLaunch""], [""Company"", ""ANNOUNCES_PRODUCT_LAUNCH"", ""ProductLaunch""]]",ANNOUNCES_PRODUCT_LAUNCH,caeeaeec9bbc4ed3ba47cbfbd7ab7439,rejected,6,MSFT,0,True
0.5454545454545454,step_6_candidate_1,-0.12045454545454559,last_accepted_winner,event_driven,MergerAcquisition,"[[""Article"", ""ANNOUNCES_MERGER_ACQUISITION"", ""MergerAcquisition""], [""Company"", ""ANNOUNCES_MERGER_ACQUISITION"", ""MergerAcquisition""]]",ANNOUNCES_MERGER_ACQUISITION,caeeaeec9bbc4ed3ba47cbfbd7ab7439,rejected,6,MSFT,1,False
0.6022727272727273,step_7_candidate_0,-0.06363636363636371,last_accepted_winner,event_driven,MergerAcquisition,"[[""Article"", ""INVOLVES_MERGER_ACQUISITION"", ""MergerAcquisition""]]",INVOLVES_MERGER_ACQUISITION,caeeaeec9bbc4ed3ba47cbfbd7ab7439,rejected,7,MSFT,0,False
0.6045454545454546,step_7_candidate_1,-0.0613636363636364,last_accepted_winner,event_driven,Dividend,"[[""Article"", ""ANNOUNCES_DIVIDEND"", ""Dividend""], [""Company"", ""ANNOUNCES_DIVIDEND"", ""Dividend""]]",ANNOUNCES_DIVIDEND,caeeaeec9bbc4ed3ba47cbfbd7ab7439,rejected,7,MSFT,1,True
0.5340909090909091,step_1_candidate_0,-0.03181818181818186,baseline_article_embedding,fundamental,EconomicIndicator,"[[""Article"", ""MENTIONS"", ""EconomicIndicator""]]",REFERENCES,f4e4ed5eb3304939ab26312bec3409b5,accepted,1,MSFT,0,True
0.5227272727272727,step_1_candidate_1,-0.04318181818181821,baseline_article_embedding,fundamental,RegulatoryBody,"[[""Article"", ""MENTIONS_REGULATORY_BODY"", ""RegulatoryBody""]]",MENTIONS_REGULATORY_BODY,f4e4ed5eb3304939ab26312bec3409b5,rejected,1,MSFT,1,False
0.6272727272727272,step_2_candidate_0,0.09318181818181814,last_accepted_winner,fundamental,CreditRating,"[[""Company"", ""HAS_CREDIT_RATING"", ""CreditRating""]]",HAS_CREDIT_RATING,f4e4ed5eb3304939ab26312bec3409b5,accepted,2,MSFT,0,True
0.5272727272727273,step_2_candidate_1,-0.006818181818181723,last_accepted_winner,fundamental,RegulatoryAnnouncement,"[[""Article"", ""MENTIONS_REGULATORY_ANNOUNCEMENT"", ""RegulatoryAnnouncement""]]",MENTIONS_REGULATORY_ANNOUNCEMENT,f4e4ed5eb3304939ab26312bec3409b5,rejected,2,MSFT,1,False
0.55,step_3_candidate_0,-0.07727272727272716,last_accepted_winner,fundamental,RegulatoryAnnouncement,"[[""Article"", ""MENTIONS_REGULATORY_ANNOUNCEMENT"", ""RegulatoryAnnouncement""]]",MENTIONS_REGULATORY_ANNOUNCEMENT,f4e4ed5eb3304939ab26312bec3409b5,rejected,3,MSFT,0,True
0.4772727272727273,step_3_candidate_1,-0.1499999999999999,last_accepted_winner,fundamental,MergerAcquisition,"[[""Article"", ""MENTIONS_MERGER_ACQUISITION"", ""MergerAcquisition""]]",MENTIONS_MERGER_ACQUISITION,f4e4ed5eb3304939ab26312bec3409b5,rejected,3,MSFT,1,False
0.4772727272727272,step_4_candidate_0,-0.15000000000000002,last_accepted_winner,fundamental,RegulatoryBody,"[[""Article"", ""MENTIONS_REGULATORY_BODY"", ""RegulatoryBody""]]",MENTIONS_REGULATORY_BODY,f4e4ed5eb3304939ab26312bec3409b5,rejected,4,MSFT,0,False
0.5272727272727273,step_4_candidate_1,-0.09999999999999987,last_accepted_winner,fundamental,MarketSentiment,"[[""Company"", ""HAS_MARKET_SENTIMENT"", ""MarketSentiment""]]",HAS_MARKET_SENTIMENT,f4e4ed5eb3304939ab26312bec3409b5,rejected,4,MSFT,1,True
0.5318181818181819,step_5_candidate_0,-0.09545454545454535,last_accepted_winner,fundamental,RegulatoryAnnouncement,"[[""Article"", ""MENTIONS_REGULATORY_ANNOUNCEMENT"", ""RegulatoryAnnouncement""]]",MENTIONS_REGULATORY_ANNOUNCEMENT,f4e4ed5eb3304939ab26312bec3409b5,rejected,5,MSFT,0,False
0.6568181818181817,step_5_candidate_1,0.02954545454545454,last_accepted_winner,fundamental,RegulatoryAnnouncement,"[[""Article"", ""MENTIONS_REGULATORY_ANNOUNCEMENT"", ""RegulatoryAnnouncement""]]",MENTIONS_REGULATORY_ANNOUNCEMENT,f4e4ed5eb3304939ab26312bec3409b5,accepted,5,MSFT,1,True
0.4545454545454546,step_6_candidate_0,-0.20227272727272716,last_accepted_winner,fundamental,ProductLaunch,"[[""Article"", ""MENTIONS_PRODUCT_LAUNCH"", ""ProductLaunch""]]",MENTIONS_PRODUCT_LAUNCH,f4e4ed5eb3304939ab26312bec3409b5,rejected,6,MSFT,0,False
0.45454545454545453,step_6_candidate_1,-0.20227272727272722,last_accepted_winner,fundamental,LegalAction,"[[""Article"", ""MENTIONS_LEGAL_ACTION"", ""LegalAction""]]",MENTIONS_LEGAL_ACTION,f4e4ed5eb3304939ab26312bec3409b5,rejected,6,MSFT,1,False
0.39090909090909093,step_7_candidate_0,-0.2659090909090908,last_accepted_winner,fundamental,GeographicRegion,"[[""Company"", ""LOCATED_IN"", ""GeographicRegion""]]",LOCATED_IN,f4e4ed5eb3304939ab26312bec3409b5,rejected,7,MSFT,0,False
0.6568181818181817,step_7_candidate_1,0.0,last_accepted_winner,fundamental,Industry,"[[""Company"", ""OPERATES_IN"", ""Industry""]]",OPERATES_IN,f4e4ed5eb3304939ab26312bec3409b5,accepted,7,MSFT,1,True
0.5750000000000001,step_1_candidate_0,0.00909090909090915,baseline_article_embedding,fundamental,EconomicIndicator,"[[""Article"", ""MENTIONS"", ""EconomicIndicator""]]",REFERENCES,e0539f87d6114f5d8b5eb84c9f8e19e7,rejected,1,MSFT,0,False
0.5909090909090908,step_1_candidate_1,0.02499999999999991,baseline_article_embedding,fundamental,RegulatoryBody,"[[""Article"", ""MENTIONS_REGULATORY_BODY"", ""RegulatoryBody""]]",MENTIONS_REGULATORY_BODY,e0539f87d6114f5d8b5eb84c9f8e19e7,accepted,1,MSFT,1,True
0.42727272727272725,step_2_candidate_0,-0.16363636363636358,last_accepted_winner,fundamental,CreditRating,"[[""Company"", ""HAS_CREDIT_RATING"", ""CreditRating""]]",HAS_CREDIT_RATING,e0539f87d6114f5d8b5eb84c9f8e19e7,rejected,2,MSFT,0,False
0.5227272727272728,step_2_candidate_1,-0.06818181818181801,last_accepted_winner,fundamental,GeographicRegion,"[[""Company"", ""LOCATED_IN"", ""GeographicRegion""]]",LOCATED_IN,e0539f87d6114f5d8b5eb84c9f8e19e7,rejected,2,MSFT,1,True
0.6522727272727273,step_3_candidate_0,0.06136363636363651,last_accepted_winner,fundamental,MarketIndex,"[[""Article"", ""MENTIONS_MARKET_INDEX"", ""MarketIndex""]]",MENTIONS_MARKET_INDEX,e0539f87d6114f5d8b5eb84c9f8e19e7,accepted,3,MSFT,0,True
0.5750000000000001,step_3_candidate_1,-0.01590909090909076,last_accepted_winner,fundamental,CorporateAction,"[[""Article"", ""MENTIONS_CORPORATE_ACTION"", ""CorporateAction""], [""Company"", ""RELATES_TO"", ""CorporateAction""]]",MENTIONS_CORPORATE_ACTION,e0539f87d6114f5d8b5eb84c9f8e19e7,rejected,3,MSFT,1,False
0.4590909090909091,step_1_candidate_0,-0.06818181818181812,baseline_article_embedding,event_driven,EconomicIndicator,"[[""Article"", ""MENTIONS"", ""EconomicIndicator""]]",REFERENCES,ac996ca826324ce4947c1ae45d9d2bb0,rejected,1,MSFT,0,False
0.5863636363636363,step_1_candidate_1,0.05909090909090908,baseline_article_embedding,event_driven,RegulatoryBody,"[[""Article"", ""ISSUED_BY"", ""RegulatoryBody""]]",ISSUED_BY,ac996ca826324ce4947c1ae45d9d2bb0,accepted,1,MSFT,1,True
0.5318181818181817,step_2_candidate_0,-0.054545454545454564,last_accepted_winner,event_driven,CreditRating,"[[""Company"", ""HAS_CREDIT_RATING"", ""CreditRating""]]",HAS_CREDIT_RATING,ac996ca826324ce4947c1ae45d9d2bb0,rejected,2,MSFT,0,False
0.5340909090909092,step_2_candidate_1,-0.05227272727272714,last_accepted_winner,event_driven,GeographicRegion,"[[""Company"", ""LOCATED_IN"", ""GeographicRegion""]]",LOCATED_IN,ac996ca826324ce4947c1ae45d9d2bb0,rejected,2,MSFT,1,True
0.5386363636363636,step_3_candidate_0,-0.04772727272727273,last_accepted_winner,event_driven,MarketEvent,"[[""Article"", ""TRIGGERS"", ""MarketEvent""]]",TRIGGERS,ac996ca826324ce4947c1ae45d9d2bb0,rejected,3,MSFT,0,True
0.3931818181818182,step_3_candidate_1,-0.19318181818181812,last_accepted_winner,event_driven,CorporateAction,"[[""Article"", ""ANNOUNCES"", ""CorporateAction""], [""Company"", ""ANNOUNCES"", ""CorporateAction""]]",ANNOUNCES,ac996ca826324ce4947c1ae45d9d2bb0,rejected,3,MSFT,1,False
0.36590909090909096,step_4_candidate_0,-0.22045454545454535,last_accepted_winner,event_driven,Industry,"[[""Company"", ""OPERATES_IN"", ""Industry""]]",OPERATES_IN,ac996ca826324ce4947c1ae45d9d2bb0,rejected,4,MSFT,0,False
0.4545454545454546,step_4_candidate_1,-0.13181818181818172,last_accepted_winner,event_driven,MarketIndex,"[[""Article"", ""AFFECTS"", ""MarketIndex""]]",AFFECTS,ac996ca826324ce4947c1ae45d9d2bb0,rejected,4,MSFT,1,True
0.46818181818181814,step_5_candidate_0,-0.11818181818181817,last_accepted_winner,event_driven,EarningsReport,"[[""Company"", ""HAS_EARNINGS_REPORT"", ""EarningsReport""]]",HAS_EARNINGS_REPORT,ac996ca826324ce4947c1ae45d9d2bb0,rejected,5,MSFT,0,False
0.5863636363636364,step_5_candidate_1,1.1102230246251565e-16,last_accepted_winner,event_driven,LegalAction,"[[""Article"", ""INVOLVES"", ""LegalAction""], [""Company"", ""INVOLVES"", ""LegalAction""], [""RegulatoryBody"", ""INVOLVES"", ""LegalAction""]]",INVOLVES,ac996ca826324ce4947c1ae45d9d2bb0,accepted,5,MSFT,1,True
0.5431818181818182,step_6_candidate_0,-0.04318181818181821,last_accepted_winner,event_driven,Executive,"[[""Article"", ""MENTIONS_EXECUTIVE"", ""Executive""]]",MENTIONS_EXECUTIVE,ac996ca826324ce4947c1ae45d9d2bb0,rejected,6,MSFT,0,False
0.5431818181818182,step_6_candidate_1,-0.04318181818181821,last_accepted_winner,event_driven,Product,"[[""Article"", ""MENTIONS_PRODUCT"", ""Product""], [""Company"", ""MENTIONS_PRODUCT"", ""Product""]]",MENTIONS_PRODUCT,ac996ca826324ce4947c1ae45d9d2bb0,rejected,6,MSFT,1,False
0.65,step_7_candidate_0,0.0636363636363636,last_accepted_winner,event_driven,MarketIndex,"[[""Article"", ""MENTIONS"", ""MarketIndex""]]",REFERENCES,ac996ca826324ce4947c1ae45d9d2bb0,accepted,7,MSFT,0,True
0.6113636363636363,step_7_candidate_1,0.02499999999999991,last_accepted_winner,event_driven,MergerAcquisition,"[[""Company"", ""ANNOUNCES_M&A"", ""MergerAcquisition""], [""MergerAcquisition"", ""INVOLVES"", ""Company""]]",ANNOUNCES_M&A,ac996ca826324ce4947c1ae45d9d2bb0,rejected,7,MSFT,1,False
0.5659090909090909,step_1_candidate_0,-0.036363636363636376,baseline_article_embedding,default,EconomicIndicator,"[[""Article"", ""MENTIONS"", ""EconomicIndicator""]]",REFERENCES,4cb5faa65e2a4fc1b22e058cd58813c6,accepted,1,MSFT,0,True
0.3988636363636364,step_1_candidate_1,-0.20340909090909087,baseline_article_embedding,default,RegulatoryBody,"[[""Article"", ""MENTIONS_REGULATORY_BODY"", ""RegulatoryBody""]]",MENTIONS_REGULATORY_BODY,4cb5faa65e2a4fc1b22e058cd58813c6,rejected,1,MSFT,1,False
0.5159090909090909,step_2_candidate_0,-0.050000000000000044,last_accepted_winner,default,CreditRating,"[[""Company"", ""HAS_CREDIT_RATING"", ""CreditRating""]]",HAS_CREDIT_RATING,4cb5faa65e2a4fc1b22e058cd58813c6,rejected,2,MSFT,0,False
0.65,step_2_candidate_1,0.0840909090909091,last_accepted_winner,default,RegulatoryAnnouncement,"[[""Article"", ""MENTIONS_REGULATORY_ANNOUNCEMENT"", ""RegulatoryAnnouncement""]]",MENTIONS_REGULATORY_ANNOUNCEMENT,4cb5faa65e2a4fc1b22e058cd58813c6,accepted,2,MSFT,1,True
0.6227272727272728,step_3_candidate_0,-0.027272727272727226,last_accepted_winner,default,MarketEvent,"[[""Article"", ""ASSOCIATED_WITH_MARKET_EVENT"", ""MarketEvent""]]",ASSOCIATED_WITH_MARKET_EVENT,4cb5faa65e2a4fc1b22e058cd58813c6,rejected,3,MSFT,0,True
0.6136363636363636,step_3_candidate_1,-0.036363636363636376,last_accepted_winner,default,LegalAction,"[[""Article"", ""MENTIONS_LEGAL_ACTION"", ""LegalAction""]]",MENTIONS_LEGAL_ACTION,4cb5faa65e2a4fc1b22e058cd58813c6,rejected,3,MSFT,1,False
0.315909090909091,step_1_candidate_0,-0.2863636363636363,baseline_article_embedding,event_driven,EconomicIndicator,"[[""Article"", ""MENTIONS"", ""EconomicIndicator""]]",REFERENCES,63b5d56da39a44478703c2aaedef00d6,rejected,1,MSFT,0,False
0.6090909090909091,step_1_candidate_1,0.006818181818181834,baseline_article_embedding,event_driven,RegulatoryBody,"[[""Article"", ""MENTIONS_REGULATORY_BODY"", ""RegulatoryBody""]]",MENTIONS_REGULATORY_BODY,63b5d56da39a44478703c2aaedef00d6,accepted,1,MSFT,1,True
0.5409090909090908,step_2_candidate_0,-0.06818181818181834,last_accepted_winner,event_driven,CreditRating,"[[""Company"", ""HAS_CREDIT_RATING"", ""CreditRating""]]",HAS_CREDIT_RATING,63b5d56da39a44478703c2aaedef00d6,rejected,2,MSFT,0,False
0.5454545454545454,step_2_candidate_1,-0.06363636363636371,last_accepted_winner,event_driven,GeographicRegion,"[[""Company"", ""LOCATED_IN"", ""GeographicRegion""]]",LOCATED_IN,63b5d56da39a44478703c2aaedef00d6,rejected,2,MSFT,1,True
0.5909090909090909,step_3_candidate_0,-0.018181818181818188,last_accepted_winner,event_driven,Industry,"[[""Company"", ""OPERATES_IN"", ""Industry""]]",OPERATES_IN,63b5d56da39a44478703c2aaedef00d6,rejected,3,MSFT,0,True
0.5113636363636364,step_3_candidate_1,-0.09772727272727277,last_accepted_winner,event_driven,CorporateAction,"[[""Article"", ""TRIGGERS"", ""CorporateAction""], [""Company"", ""TRIGGERS"", ""CorporateAction""]]",TRIGGERS,63b5d56da39a44478703c2aaedef00d6,rejected,3,MSFT,1,False
0.5659090909090909,step_4_candidate_0,-0.04318181818181821,last_accepted_winner,event_driven,MarketEvent,"[[""Article"", ""REPORTS_ON"", ""MarketEvent""]]",REPORTS_ON,63b5d56da39a44478703c2aaedef00d6,rejected,4,MSFT,0,True
0.5318181818181817,step_4_candidate_1,-0.07727272727272738,last_accepted_winner,event_driven,EarningsReport,"[[""Company"", ""HAS_EARNINGS_REPORT"", ""EarningsReport""]]",HAS_EARNINGS_REPORT,63b5d56da39a44478703c2aaedef00d6,rejected,4,MSFT,1,False
0.6431818181818181,step_5_candidate_0,0.03409090909090895,last_accepted_winner,event_driven,MergerAcquisition,"[[""Company"", ""ANNOUNCES_M&A"", ""MergerAcquisition""]]",ANNOUNCES_M&A,63b5d56da39a44478703c2aaedef00d6,accepted,5,MSFT,0,True
0.5727272727272728,step_5_candidate_1,-0.036363636363636376,last_accepted_winner,event_driven,Product,"[[""Article"", ""MENTIONS_PRODUCT"", ""Product""]]",MENTIONS_PRODUCT,63b5d56da39a44478703c2aaedef00d6,rejected,5,MSFT,1,False
0.4590909090909091,step_6_candidate_0,-0.18409090909090897,last_accepted_winner,event_driven,Executive,"[[""Article"", ""MENTIONS_EXECUTIVE"", ""Executive""]]",MENTIONS_EXECUTIVE,63b5d56da39a44478703c2aaedef00d6,rejected,6,MSFT,0,False
0.5522727272727272,step_6_candidate_1,-0.09090909090909083,last_accepted_winner,event_driven,FinancialStatement,"[[""Company"", ""DISCLOSURES"", ""FinancialStatement""]]",DISCLOSURES,63b5d56da39a44478703c2aaedef00d6,rejected,6,MSFT,1,True
0.5795454545454546,step_7_candidate_0,-0.06363636363636349,last_accepted_winner,event_driven,LegalAction,"[[""Article"", ""INVOLVES_LEGAL_ACTION"", ""LegalAction""]]",INVOLVES_LEGAL_ACTION,63b5d56da39a44478703c2aaedef00d6,rejected,7,MSFT,0,False
0.5795454545454546,step_7_candidate_1,-0.06363636363636349,last_accepted_winner,event_driven,MarketEvent,"[[""Article"", ""TRIGGERS"", ""MarketEvent""]]",TRIGGERS,63b5d56da39a44478703c2aaedef00d6,rejected,7,MSFT,1,False
0.3,step_1_candidate_0,-0.2636363636363636,baseline_article_embedding,fundamental,EconomicIndicator,"[[""Article"", ""MENTIONS"", ""EconomicIndicator""]]",REFERENCES,03711570aefc4571bbba68e38e09b8bc,rejected,1,MSFT,0,False
0.37272727272727274,step_1_candidate_1,-0.19090909090909086,baseline_article_embedding,fundamental,RegulatoryBody,"[[""Article"", ""ISSUED_BY"", ""RegulatoryBody""]]",ISSUED_BY,03711570aefc4571bbba68e38e09b8bc,accepted,1,MSFT,1,True
0.4818181818181818,step_2_candidate_0,0.10909090909090907,last_accepted_winner,fundamental,CreditRating,"[[""Company"", ""HAS_CREDIT_RATING"", ""CreditRating""]]",HAS_CREDIT_RATING,03711570aefc4571bbba68e38e09b8bc,rejected,2,MSFT,0,False
0.5136363636363637,step_2_candidate_1,0.14090909090909093,last_accepted_winner,fundamental,MarketEvent,"[[""Article"", ""TRIGGERS"", ""MarketEvent""]]",TRIGGERS,03711570aefc4571bbba68e38e09b8bc,accepted,2,MSFT,1,True
0.5477272727272727,step_3_candidate_0,0.03409090909090906,last_accepted_winner,fundamental,GeographicRegion,"[[""Company"", ""LOCATED_IN"", ""GeographicRegion""]]",LOCATED_IN,03711570aefc4571bbba68e38e09b8bc,accepted,3,MSFT,0,True
0.47954545454545455,step_3_candidate_1,-0.034090909090909116,last_accepted_winner,fundamental,FinancialStatement,"[[""Company"", ""DISCLOSURES"", ""FinancialStatement""]]",DISCLOSURES,03711570aefc4571bbba68e38e09b8bc,rejected,3,MSFT,1,False
0.509090909090909,step_4_candidate_0,-0.03863636363636369,last_accepted_winner,fundamental,EarningsReport,"[[""Company"", ""HAS_EARNINGS_REPORT"", ""EarningsReport""]]",HAS_EARNINGS_REPORT,03711570aefc4571bbba68e38e09b8bc,rejected,4,MSFT,0,True
0.39090909090909093,step_4_candidate_1,-0.1568181818181818,last_accepted_winner,fundamental,Executive,"[[""Article"", ""MENTIONS_EXECUTIVE"", ""Executive""]]",MENTIONS_EXECUTIVE,03711570aefc4571bbba68e38e09b8bc,rejected,4,MSFT,1,False
0.5249999999999999,step_5_candidate_0,-0.022727272727272818,last_accepted_winner,fundamental,Product,"[[""Article"", ""MENTIONS_PRODUCT"", ""Product""]]",MENTIONS_PRODUCT,03711570aefc4571bbba68e38e09b8bc,rejected,5,MSFT,0,True
0.5,step_5_candidate_1,-0.04772727272727273,last_accepted_winner,fundamental,LegalAction,"[[""Article"", ""INVOLVES"", ""LegalAction""], [""Company"", ""INVOLVES"", ""LegalAction""]]",INVOLVES,03711570aefc4571bbba68e38e09b8bc,rejected,5,MSFT,1,False
0.6,step_6_candidate_0,0.05227272727272725,last_accepted_winner,fundamental,Competitor,"[[""Company"", ""COMPETES_WITH"", ""Competitor""]]",COMPETES_WITH,03711570aefc4571bbba68e38e09b8bc,accepted,6,MSFT,0,True
0.5068181818181818,step_6_candidate_1,-0.040909090909090895,last_accepted_winner,fundamental,LegalEntity,"[[""Article"", ""INVOLVES_ENTITY"", ""LegalEntity""]]",INVOLVES_ENTITY,03711570aefc4571bbba68e38e09b8bc,rejected,6,MSFT,1,False
0.5909090909090908,step_7_candidate_0,-0.00909090909090915,last_accepted_winner,fundamental,MergersAndAcquisition,"[[""Article"", ""INVOLVES_M&A"", ""MergersAndAcquisition""], [""Company"", ""INVOLVES_M&A"", ""MergersAndAcquisition""]]",INVOLVES_M&A,03711570aefc4571bbba68e38e09b8bc,rejected,7,MSFT,0,False
0.6431818181818182,step_7_candidate_1,0.04318181818181821,last_accepted_winner,fundamental,FinancialStatement,"[[""Company"", ""HAS_FINANCIAL_STATEMENT"", ""FinancialStatement""]]",HAS_FINANCIAL_STATEMENT,03711570aefc4571bbba68e38e09b8bc,accepted,7,MSFT,1,True
0.4068181818181818,step_1_candidate_0,-0.12045454545454543,baseline_article_embedding,fundamental,EconomicIndicator,"[[""Article"", ""MENTIONS"", ""EconomicIndicator""]]",REFERENCES,dd0d29f046104e66949d27f38fb45b2b,rejected,1,MSFT,0,False
0.5909090909090909,step_1_candidate_1,0.06363636363636371,baseline_article_embedding,fundamental,RegulatoryBody,"[[""Article"", ""MENTIONS_REGULATORY_BODY"", ""RegulatoryBody""]]",MENTIONS_REGULATORY_BODY,dd0d29f046104e66949d27f38fb45b2b,accepted,1,MSFT,1,True
0.42954545454545456,step_2_candidate_0,-0.16136363636363638,last_accepted_winner,fundamental,CreditRating,"[[""Company"", ""HAS_CREDIT_RATING"", ""CreditRating""]]",HAS_CREDIT_RATING,dd0d29f046104e66949d27f38fb45b2b,rejected,2,MSFT,0,False
0.575,step_2_candidate_1,-0.015909090909090984,last_accepted_winner,fundamental,GeographicRegion,"[[""Company"", ""LOCATED_IN"", ""GeographicRegion""]]",LOCATED_IN,dd0d29f046104e66949d27f38fb45b2b,rejected,2,MSFT,1,True
0.4636363636363636,step_3_candidate_0,-0.12727272727272732,last_accepted_winner,fundamental,Industry,"[[""Company"", ""OPERATES_IN"", ""Industry""]]",OPERATES_IN,dd0d29f046104e66949d27f38fb45b2b,rejected,3,MSFT,0,True
0.4045454545454546,step_3_candidate_1,-0.18636363636363634,last_accepted_winner,fundamental,CorporateAction,"[[""Article"", ""DESCRIBES_CORPORATE_ACTION"", ""CorporateAction""]]",DESCRIBES_CORPORATE_ACTION,dd0d29f046104e66949d27f38fb45b2b,rejected,3,MSFT,1,False
0.5272727272727273,step_4_candidate_0,-0.0636363636363636,last_accepted_winner,fundamental,MarketEvent,"[[""Article"", ""DESCRIBES_MARKET_EVENT"", ""MarketEvent""]]",DESCRIBES_MARKET_EVENT,dd0d29f046104e66949d27f38fb45b2b,rejected,4,MSFT,0,True
0.4386363636363636,step_4_candidate_1,-0.15227272727272734,last_accepted_winner,fundamental,EarningsReport,"[[""Company"", ""HAS_EARNINGS_REPORT"", ""EarningsReport""]]",HAS_EARNINGS_REPORT,dd0d29f046104e66949d27f38fb45b2b,rejected,4,MSFT,1,False
0.4931818181818182,step_5_candidate_0,-0.09772727272727272,last_accepted_winner,fundamental,MarketIndex,"[[""Article"", ""MENTIONS_MARKET_INDEX"", ""MarketIndex""]]",MENTIONS_MARKET_INDEX,dd0d29f046104e66949d27f38fb45b2b,rejected,5,MSFT,0,False
0.5909090909090908,step_5_candidate_1,-1.1102230246251565e-16,last_accepted_winner,fundamental,LegalAction,"[[""Article"", ""INVOLVES_LEGAL_ACTION"", ""LegalAction""]]",INVOLVES_LEGAL_ACTION,dd0d29f046104e66949d27f38fb45b2b,rejected,5,MSFT,1,True
0.5295454545454545,step_6_candidate_0,-0.0613636363636364,last_accepted_winner,fundamental,Product,"[[""Article"", ""MENTIONS_PRODUCT"", ""Product""]]",MENTIONS_PRODUCT,dd0d29f046104e66949d27f38fb45b2b,rejected,6,MSFT,0,False
0.6409090909090909,step_6_candidate_1,0.04999999999999993,last_accepted_winner,fundamental,Executive,"[[""Article"", ""MENTIONS_EXECUTIVE"", ""Executive""]]",MENTIONS_EXECUTIVE,dd0d29f046104e66949d27f38fb45b2b,accepted,6,MSFT,1,True
0.5454545454545454,step_7_candidate_0,-0.09545454545454546,last_accepted_winner,fundamental,InvestorSentiment,"[[""Article"", ""HAS_INVESTOR_SENTIMENT"", ""InvestorSentiment""]]",HAS_INVESTOR_SENTIMENT,dd0d29f046104e66949d27f38fb45b2b,rejected,7,MSFT,0,False
0.5727272727272728,step_7_candidate_1,-0.06818181818181812,last_accepted_winner,fundamental,Investor,"[[""Article"", ""MENTIONS_INVESTOR"", ""Investor""]]",MENTIONS_INVESTOR,dd0d29f046104e66949d27f38fb45b2b,rejected,7,MSFT,1,True
0.6363636363636364,step_1_candidate_0,0.07045454545454544,baseline_article_embedding,default,EconomicIndicator,"[[""Article"", ""MENTIONS"", ""EconomicIndicator""]]",REFERENCES,ec091258b3e04727ac894cc7f7d02312,accepted,1,MSFT,0,True
0.45,step_1_candidate_1,-0.1159090909090909,baseline_article_embedding,default,RegulatoryBody,"[[""Article"", ""MENTIONS_REGULATORY_BODY"", ""RegulatoryBody""]]",MENTIONS_REGULATORY_BODY,ec091258b3e04727ac894cc7f7d02312,rejected,1,MSFT,1,False
0.5045454545454546,step_2_candidate_0,-0.13181818181818172,last_accepted_winner,default,CreditRating,"[[""Company"", ""HAS_CREDIT_RATING"", ""CreditRating""]]",HAS_CREDIT_RATING,ec091258b3e04727ac894cc7f7d02312,rejected,2,MSFT,0,False
0.5431818181818182,step_2_candidate_1,-0.09318181818181814,last_accepted_winner,default,GeographicRegion,"[[""Company"", ""LOCATED_IN"", ""GeographicRegion""]]",LOCATED_IN,ec091258b3e04727ac894cc7f7d02312,rejected,2,MSFT,1,True
0.45454545454545453,step_3_candidate_0,-0.18181818181818182,last_accepted_winner,default,CorporateAction,"[[""Article"", ""TRIGGERS"", ""CorporateAction""], [""Company"", ""TRIGGERS"", ""CorporateAction""]]",TRIGGERS,ec091258b3e04727ac894cc7f7d02312,rejected,3,MSFT,0,False
0.525,step_3_candidate_1,-0.11136363636363633,last_accepted_winner,default,MarketEvent,"[[""Article"", ""TRIGGERS"", ""MarketEvent""], [""MarketEvent"", ""RELATES_TO"", ""Company""]]",TRIGGERS,ec091258b3e04727ac894cc7f7d02312,rejected,3,MSFT,1,True
0.38636363636363635,step_4_candidate_0,-0.25,last_accepted_winner,default,MergerAcquisition,"[[""Article"", ""ANNOUNCES_M&A"", ""MergerAcquisition""], [""Company"", ""ANNOUNCES_M&A"", ""MergerAcquisition""]]",ANNOUNCES_M&A,ec091258b3e04727ac894cc7f7d02312,rejected,4,MSFT,0,True
0.27272727272727276,step_4_candidate_1,-0.3636363636363636,last_accepted_winner,default,Product,"[[""Article"", ""MENTIONS_PRODUCT"", ""Product""]]",MENTIONS_PRODUCT,ec091258b3e04727ac894cc7f7d02312,rejected,4,MSFT,1,False
0.509090909090909,step_5_candidate_0,-0.12727272727272732,last_accepted_winner,default,Executive,"[[""Article"", ""MENTIONS_EXECUTIVE"", ""Executive""]]",MENTIONS_EXECUTIVE,ec091258b3e04727ac894cc7f7d02312,rejected,5,MSFT,0,False
0.55,step_5_candidate_1,-0.08636363636363631,last_accepted_winner,default,RegulatoryAnnouncement,"[[""Article"", ""ANNOUNCES_REGULATORY"", ""RegulatoryAnnouncement""]]",ANNOUNCES_REGULATORY,ec091258b3e04727ac894cc7f7d02312,rejected,5,MSFT,1,True
0.4818181818181818,step_6_candidate_0,-0.15454545454545454,last_accepted_winner,default,FinancialStatement,"[[""Company"", ""REPORTS"", ""FinancialStatement""]]",REPORTS,ec091258b3e04727ac894cc7f7d02312,rejected,6,MSFT,0,True
0.4454545454545455,step_6_candidate_1,-0.19090909090909086,last_accepted_winner,default,RegulatoryAnnouncement,"[[""Article"", ""ANNOUNCES_REGULATORY"", ""RegulatoryAnnouncement""]]",ANNOUNCES_REGULATORY,ec091258b3e04727ac894cc7f7d02312,rejected,6,MSFT,1,False
0.3795454545454545,step_7_candidate_0,-0.25681818181818183,last_accepted_winner,default,RegulatoryFramework,"[[""Article"", ""MENTIONS_REGULATORY_FRAMEWORK"", ""RegulatoryFramework""]]",MENTIONS_REGULATORY_FRAMEWORK,ec091258b3e04727ac894cc7f7d02312,rejected,7,MSFT,0,False
0.4727272727272728,step_7_candidate_1,-0.16363636363636358,last_accepted_winner,default,Sector,"[[""Company"", ""BELONGS_TO"", ""Sector""]]",BELONGS_TO,ec091258b3e04727ac894cc7f7d02312,rejected,7,MSFT,1,True
0.625,step_1_candidate_0,0.05909090909090908,baseline_article_embedding,default,EconomicIndicator,"[[""Article"", ""MENTIONS"", ""EconomicIndicator""]]",REFERENCES,17156679fc5d4f35bbf11aa734cbacae,rejected,1,MSFT,0,False
0.634090909090909,step_1_candidate_1,0.06818181818181812,baseline_article_embedding,default,RegulatoryBody,"[[""Article"", ""MENTIONS_REGULATORY_BODY"", ""RegulatoryBody""]]",MENTIONS_REGULATORY_BODY,17156679fc5d4f35bbf11aa734cbacae,accepted,1,MSFT,1,True
0.6272727272727273,step_2_candidate_0,-0.006818181818181723,last_accepted_winner,default,CreditRating,"[[""CreditRating"", ""ASSIGNES_RATING_TO"", ""Company""]]",ASSIGNES_RATING_TO,17156679fc5d4f35bbf11aa734cbacae,rejected,2,MSFT,0,True
0.625,step_2_candidate_1,-0.009090909090909038,last_accepted_winner,default,GeographicRegion,"[[""Company"", ""LOCATED_IN"", ""GeographicRegion""]]",LOCATED_IN,17156679fc5d4f35bbf11aa734cbacae,rejected,2,MSFT,1,False
0.5136363636363637,step_3_candidate_0,-0.12045454545454537,last_accepted_winner,default,CorporateAction,"[[""Article"", ""TRIGGERS"", ""CorporateAction""], [""Company"", ""TRIGGERS"", ""CorporateAction""]]",TRIGGERS,17156679fc5d4f35bbf11aa734cbacae,rejected,3,MSFT,0,False
0.5613636363636364,step_3_candidate_1,-0.07272727272727264,last_accepted_winner,default,MarketSentiment,"[[""Article"", ""HAS_SENTIMENT"", ""MarketSentiment""]]",HAS_SENTIMENT,17156679fc5d4f35bbf11aa734cbacae,rejected,3,MSFT,1,True
0.5045454545454545,step_4_candidate_0,-0.12954545454545452,last_accepted_winner,default,Industry,"[[""Company"", ""OPERATES_IN"", ""Industry""]]",OPERATES_IN,17156679fc5d4f35bbf11aa734cbacae,rejected,4,MSFT,0,True
0.3954545454545455,step_4_candidate_1,-0.23863636363636354,last_accepted_winner,default,EarningsReport,"[[""Company"", ""HAS_EARNINGS_REPORT"", ""EarningsReport""]]",HAS_EARNINGS_REPORT,17156679fc5d4f35bbf11aa734cbacae,rejected,4,MSFT,1,False
0.5499999999999999,step_5_candidate_0,-0.0840909090909091,last_accepted_winner,default,MarketEvent,"[[""Article"", ""ASSOCIATED_WITH_EVENT"", ""MarketEvent""]]",ASSOCIATED_WITH_EVENT,17156679fc5d4f35bbf11aa734cbacae,rejected,5,MSFT,0,True
0.5159090909090909,step_5_candidate_1,-0.11818181818181817,last_accepted_winner,default,Product,"[[""Article"", ""MENTIONS_PRODUCT"", ""Product""]]",MENTIONS_PRODUCT,17156679fc5d4f35bbf11aa734cbacae,rejected,5,MSFT,1,False
0.625,step_1_candidate_0,0.022727272727272707,baseline_article_embedding,fundamental,EconomicIndicator,"[[""Article"", ""MENTIONS"", ""EconomicIndicator""]]",REFERENCES,f6612a3140cd4c92aa1c82dd1ea9a078,accepted,1,MSFT,0,True
0.37272727272727274,step_1_candidate_1,-0.22954545454545455,baseline_article_embedding,fundamental,RegulatoryBody,"[[""Article"", ""MENTIONS_REGULATORY_BODY"", ""RegulatoryBody""]]",MENTIONS_REGULATORY_BODY,f6612a3140cd4c92aa1c82dd1ea9a078,rejected,1,MSFT,1,False
0.475,step_2_candidate_0,-0.15000000000000002,last_accepted_winner,fundamental,CreditRating,"[[""Company"", ""HAS_CREDIT_RATING"", ""CreditRating""]]",HAS_CREDIT_RATING,f6612a3140cd4c92aa1c82dd1ea9a078,rejected,2,MSFT,0,False
0.5477272727272726,step_2_candidate_1,-0.07727272727272738,last_accepted_winner,fundamental,RegulatoryAnnouncement,"[[""Article"", ""MENTIONS_REGULATORY_ANNOUNCEMENT"", ""RegulatoryAnnouncement""]]",MENTIONS_REGULATORY_ANNOUNCEMENT,f6612a3140cd4c92aa1c82dd1ea9a078,rejected,2,MSFT,1,True
0.40681818181818186,step_3_candidate_0,-0.21818181818181814,last_accepted_winner,fundamental,Sector,"[[""Company"", ""BELONGS_TO"", ""Sector""]]",BELONGS_TO,f6612a3140cd4c92aa1c82dd1ea9a078,rejected,3,MSFT,0,True
0.26136363636363635,step_3_candidate_1,-0.36363636363636365,last_accepted_winner,fundamental,CorporateAction,"[[""Article"", ""TRIGGERS"", ""CorporateAction""], [""Company"", ""TRIGGERS"", ""CorporateAction""]]",TRIGGERS,f6612a3140cd4c92aa1c82dd1ea9a078,rejected,3,MSFT,1,False
0.3159090909090909,step_4_candidate_0,-0.3090909090909091,last_accepted_winner,fundamental,CorporateEvent,"[[""Article"", ""MENTIONS_CORPORATE_EVENT"", ""CorporateEvent""]]",MENTIONS_CORPORATE_EVENT,f6612a3140cd4c92aa1c82dd1ea9a078,rejected,4,MSFT,0,False
0.42499999999999993,step_4_candidate_1,-0.20000000000000007,last_accepted_winner,fundamental,CorporateAction,"[[""Company"", ""ANNOUNCES"", ""CorporateAction""], [""Article"", ""MENTIONS"", ""CorporateAction""]]",ANNOUNCES,f6612a3140cd4c92aa1c82dd1ea9a078,rejected,4,MSFT,1,True
0.45454545454545453,step_5_candidate_0,-0.17045454545454547,last_accepted_winner,fundamental,MarketSentiment,"[[""Article"", ""HAS_SENTIMENT"", ""MarketSentiment""]]",HAS_SENTIMENT,f6612a3140cd4c92aa1c82dd1ea9a078,rejected,5,MSFT,0,False
0.5181818181818182,step_5_candidate_1,-0.10681818181818181,last_accepted_winner,fundamental,GeographicRegion,"[[""Company"", ""LOCATED_IN"", ""GeographicRegion""], [""Article"", ""MENTIONS"", ""GeographicRegion""]]",LOCATED_IN,f6612a3140cd4c92aa1c82dd1ea9a078,rejected,5,MSFT,1,True
0.5681818181818182,step_6_candidate_0,-0.05681818181818177,last_accepted_winner,fundamental,MergerAcquisition,"[[""Article"", ""ANNOUNCES_M&A"", ""MergerAcquisition""]]",ANNOUNCES_M&A,f6612a3140cd4c92aa1c82dd1ea9a078,rejected,6,MSFT,0,True
0.3931818181818182,step_6_candidate_1,-0.2318181818181818,last_accepted_winner,fundamental,FinancialStatement,"[[""Article"", ""DISCLOSES"", ""FinancialStatement""], [""Company"", ""DISCLOSES"", ""FinancialStatement""]]",DISCLOSES,f6612a3140cd4c92aa1c82dd1ea9a078,rejected,6,MSFT,1,False
0.35454545454545455,step_7_candidate_0,-0.27045454545454545,last_accepted_winner,fundamental,RegulatoryFiling,"[[""Company"", ""HAS_REGULATORY_FILING"", ""RegulatoryFiling""]]",HAS_REGULATORY_FILING,f6612a3140cd4c92aa1c82dd1ea9a078,rejected,7,MSFT,0,True
0.28863636363636364,step_7_candidate_1,-0.33636363636363636,last_accepted_winner,fundamental,RegulatoryFiling,"[[""Company"", ""HAS_REGULATORY_FILING"", ""RegulatoryFiling""]]",HAS_REGULATORY_FILING,f6612a3140cd4c92aa1c82dd1ea9a078,rejected,7,MSFT,1,False
0.4431818181818182,step_1_candidate_0,-0.08409090909090905,baseline_article_embedding,event_driven,EconomicIndicator,"[[""Article"", ""MENTIONS"", ""EconomicIndicator""]]",REFERENCES,383e0737583245999d1351ca0c66de19,rejected,1,MSFT,0,False
0.5204545454545455,step_1_candidate_1,-0.006818181818181723,baseline_article_embedding,event_driven,RegulatoryBody,"[[""Article"", ""MENTIONS_REGULATORY_BODY"", ""RegulatoryBody""]]",MENTIONS_REGULATORY_BODY,383e0737583245999d1351ca0c66de19,accepted,1,MSFT,1,True
0.39318181818181813,step_2_candidate_0,-0.12727272727272737,last_accepted_winner,event_driven,CreditRating,"[[""Company"", ""HAS_CREDIT_RATING"", ""CreditRating""]]",HAS_CREDIT_RATING,383e0737583245999d1351ca0c66de19,rejected,2,MSFT,0,True
0.32499999999999996,step_2_candidate_1,-0.19545454545454555,last_accepted_winner,event_driven,GeographicRegion,"[[""Company"", ""LOCATED_IN"", ""GeographicRegion""]]",LOCATED_IN,383e0737583245999d1351ca0c66de19,rejected,2,MSFT,1,False
0.6227272727272727,step_3_candidate_0,0.10227272727272718,last_accepted_winner,event_driven,MarketEvent,"[[""Article"", ""TRIGGERS"", ""MarketEvent""]]",TRIGGERS,383e0737583245999d1351ca0c66de19,accepted,3,MSFT,0,True
0.5795454545454546,step_3_candidate_1,0.05909090909090908,last_accepted_winner,event_driven,EarningsReport,"[[""Company"", ""HAS_EARNINGS_REPORT"", ""EarningsReport""]]",HAS_EARNINGS_REPORT,383e0737583245999d1351ca0c66de19,rejected,3,MSFT,1,False
0.5113636363636364,step_1_candidate_0,-0.09090909090909094,baseline_article_embedding,default,EconomicIndicator,"[[""Article"", ""MENTIONS"", ""EconomicIndicator""]]",REFERENCES,7349d197135c4664b52373b88fc33678,rejected,1,MSFT,0,False
0.5954545454545455,step_1_candidate_1,-0.006818181818181834,baseline_article_embedding,default,EarningsReport,"[[""Company"", ""HAS_EARNINGS"", ""EarningsReport""]]",HAS_EARNINGS,7349d197135c4664b52373b88fc33678,accepted,1,MSFT,1,True
0.6181818181818182,step_2_candidate_0,0.022727272727272707,last_accepted_winner,default,RegulatoryBody,"[[""Article"", ""MENTIONS_REGULATORY_BODY"", ""RegulatoryBody""]]",MENTIONS_REGULATORY_BODY,7349d197135c4664b52373b88fc33678,accepted,2,MSFT,0,True
0.6022727272727273,step_2_candidate_1,0.006818181818181834,last_accepted_winner,default,CreditRating,"[[""Company"", ""HAS_CREDIT_RATING"", ""CreditRating""]]",HAS_CREDIT_RATING,7349d197135c4664b52373b88fc33678,rejected,2,MSFT,1,False
0.5340909090909091,step_3_candidate_0,-0.0840909090909091,last_accepted_winner,default,MarketIndex,"[[""Article"", ""MENTIONS_MARKET_INDEX"", ""MarketIndex""]]",MENTIONS_MARKET_INDEX,7349d197135c4664b52373b88fc33678,rejected,3,MSFT,0,True
0.4386363636363636,step_3_candidate_1,-0.17954545454545456,last_accepted_winner,default,CorporateAction,"[[""Article"", ""ANNOUNCES_CORPORATE_ACTION"", ""CorporateAction""], [""Company"", ""ANNOUNCES_CORPORATE_ACTION"", ""CorporateAction""]]",ANNOUNCES_CORPORATE_ACTION,7349d197135c4664b52373b88fc33678,rejected,3,MSFT,1,False
0.41363636363636364,step_4_candidate_0,-0.20454545454545453,last_accepted_winner,default,Industry,"[[""Company"", ""OPERATES_IN"", ""Industry""]]",OPERATES_IN,7349d197135c4664b52373b88fc33678,rejected,4,MSFT,0,False
0.49318181818181817,step_4_candidate_1,-0.125,last_accepted_winner,default,LegalAction,"[[""Article"", ""INVOLVES_LEGAL_ACTION"", ""LegalAction""], [""Company"", ""INVOLVES_LEGAL_ACTION"", ""LegalAction""]]",INVOLVES_LEGAL_ACTION,7349d197135c4664b52373b88fc33678,rejected,4,MSFT,1,True
0.4454545454545455,step_5_candidate_0,-0.17272727272727267,last_accepted_winner,default,MarketCap,"[[""Company"", ""HAS_MARKET_CAP"", ""MarketCap""]]",HAS_MARKET_CAP,7349d197135c4664b52373b88fc33678,rejected,5,MSFT,0,False
0.5045454545454545,step_5_candidate_1,-0.11363636363636365,last_accepted_winner,default,GeographicRegion,"[[""Company"", ""LOCATED_IN"", ""GeographicRegion""]]",LOCATED_IN,7349d197135c4664b52373b88fc33678,rejected,5,MSFT,1,True
0.5204545454545454,step_6_candidate_0,-0.09772727272727277,last_accepted_winner,default,Sentiment,"[[""Article"", ""HAS_SENTIMENT"", ""Sentiment""]]",HAS_SENTIMENT,7349d197135c4664b52373b88fc33678,rejected,6,MSFT,0,True
0.4818181818181818,step_6_candidate_1,-0.13636363636363635,last_accepted_winner,default,LegalEntity,"[[""Article"", ""INVOLVES_LEGAL_ENTITY"", ""LegalEntity""]]",INVOLVES_LEGAL_ENTITY,7349d197135c4664b52373b88fc33678,rejected,6,MSFT,1,False
0.5545454545454546,step_7_candidate_0,-0.0636363636363636,last_accepted_winner,default,Product,"[[""Company"", ""OFFERS_PRODUCT"", ""Product""]]",OFFERS_PRODUCT,7349d197135c4664b52373b88fc33678,rejected,7,MSFT,0,True
0.5272727272727273,step_7_candidate_1,-0.09090909090909083,last_accepted_winner,default,MergerAcquisition,"[[""Company"", ""ANNOUNCES_MERGER_ACQUISITION"", ""MergerAcquisition""]]",ANNOUNCES_MERGER_ACQUISITION,7349d197135c4664b52373b88fc33678,rejected,7,MSFT,1,False
0.5318181818181817,step_1_candidate_0,0.004545454545454519,baseline_article_embedding,event_driven,EconomicIndicator,"[[""Article"", ""MENTIONS"", ""EconomicIndicator""]]",REFERENCES,c0562b9445a0443781a58578d257494b,accepted,1,MSFT,0,True
0.4386363636363636,step_1_candidate_1,-0.08863636363636362,baseline_article_embedding,event_driven,RegulatoryBody,"[[""Article"", ""ISSUED_BY"", ""RegulatoryBody""]]",ISSUED_BY,c0562b9445a0443781a58578d257494b,rejected,1,MSFT,1,False
0.34090909090909094,step_2_candidate_0,-0.1909090909090908,last_accepted_winner,event_driven,CreditRating,"[[""Company"", ""HAS_CREDIT_RATING"", ""CreditRating""]]",HAS_CREDIT_RATING,c0562b9445a0443781a58578d257494b,rejected,2,MSFT,0,False
0.5409090909090909,step_2_candidate_1,0.00909090909090915,last_accepted_winner,event_driven,Sector,"[[""Company"", ""BELONGS_TO"", ""Sector""]]",BELONGS_TO,c0562b9445a0443781a58578d257494b,accepted,2,MSFT,1,True
0.5818181818181819,step_3_candidate_0,0.040909090909091006,last_accepted_winner,event_driven,RegulatoryAnnouncement,"[[""RegulatoryAnnouncement"", ""ANNOUNCED_BY"", ""Company""], [""Article"", ""RELATES_TO"", ""RegulatoryAnnouncement""]]",ANNOUNCED_BY,c0562b9445a0443781a58578d257494b,rejected,3,MSFT,0,False
0.5977272727272727,step_3_candidate_1,0.05681818181818177,last_accepted_winner,event_driven,MergerAcquisition,"[[""Article"", ""ANNOUNCES"", ""MergerAcquisition""], [""Company"", ""ANNOUNCES"", ""MergerAcquisition""]]",ANNOUNCES,c0562b9445a0443781a58578d257494b,accepted,3,MSFT,1,True
0.6181818181818182,step_4_candidate_0,0.020454545454545503,last_accepted_winner,event_driven,RegulatoryAnnouncement,"[[""RegulatoryAnnouncement"", ""ANNOUNCED_BY"", ""Company""], [""Article"", ""MENTIONS"", ""RegulatoryAnnouncement""]]",ANNOUNCED_BY,c0562b9445a0443781a58578d257494b,accepted,4,MSFT,0,True
0.509090909090909,step_4_candidate_1,-0.08863636363636362,last_accepted_winner,event_driven,RegulatoryAnnouncement,"[[""RegulatoryAnnouncement"", ""ANNOUNCED_BY"", ""Company""], [""Article"", ""MENTIONS"", ""RegulatoryAnnouncement""]]",ANNOUNCED_BY,c0562b9445a0443781a58578d257494b,rejected,4,MSFT,1,False
0.38863636363636367,step_5_candidate_0,-0.2295454545454545,last_accepted_winner,event_driven,GeographicRegion,"[[""Company"", ""LOCATED_IN"", ""GeographicRegion""], [""Article"", ""MENTIONS"", ""GeographicRegion""]]",LOCATED_IN,c0562b9445a0443781a58578d257494b,rejected,5,MSFT,0,True
0.32954545454545453,step_5_candidate_1,-0.28863636363636364,last_accepted_winner,event_driven,Competitor,"[[""Company"", ""COMPETES_WITH"", ""Competitor""], [""Competitor"", ""COMPETES_WITH"", ""Company""]]",COMPETES_WITH,c0562b9445a0443781a58578d257494b,rejected,5,MSFT,1,False
0.5772727272727273,step_1_candidate_0,0.011363636363636354,baseline_article_embedding,fundamental,EconomicIndicator,"[[""Article"", ""MENTIONS"", ""EconomicIndicator""]]",REFERENCES,9c114e38fb2148dfba006c45483c2549,rejected,1,MSFT,0,False
0.6079545454545454,step_1_candidate_1,0.0420454545454545,baseline_article_embedding,fundamental,RegulatoryBody,"[[""Article"", ""MENTIONS_REGULATORY_BODY"", ""RegulatoryBody""]]",MENTIONS_REGULATORY_BODY,9c114e38fb2148dfba006c45483c2549,accepted,1,MSFT,1,True
0.4511363636363636,step_2_candidate_0,-0.1568181818181818,last_accepted_winner,fundamental,CreditRating,"[[""Company"", ""HAS_CREDIT_RATING"", ""CreditRating""]]",HAS_CREDIT_RATING,9c114e38fb2148dfba006c45483c2549,rejected,2,MSFT,0,False
0.5954545454545455,step_2_candidate_1,-0.012499999999999956,last_accepted_winner,fundamental,GeographicRegion,"[[""Article"", ""MENTIONS_REGION"", ""GeographicRegion""]]",MENTIONS_REGION,9c114e38fb2148dfba006c45483c2549,rejected,2,MSFT,1,True
0.3840909090909091,step_3_candidate_0,-0.22386363636363632,last_accepted_winner,fundamental,CorporateAction,"[[""Article"", ""TRIGGERS"", ""CorporateAction""]]",TRIGGERS,9c114e38fb2148dfba006c45483c2549,rejected,3,MSFT,0,False
0.575,step_3_candidate_1,-0.03295454545454546,last_accepted_winner,fundamental,Industry,"[[""Company"", ""OPERATES_IN"", ""Industry""]]",OPERATES_IN,9c114e38fb2148dfba006c45483c2549,rejected,3,MSFT,1,True
0.6113636363636363,step_4_candidate_0,0.003409090909090917,last_accepted_winner,fundamental,MarketEvent,"[[""Article"", ""TRIGGERS_MARKET_EVENT"", ""MarketEvent""]]",TRIGGERS_MARKET_EVENT,9c114e38fb2148dfba006c45483c2549,accepted,4,MSFT,0,True
0.4727272727272728,step_4_candidate_1,-0.13522727272727264,last_accepted_winner,fundamental,LegalAction,"[[""Article"", ""INVOLVES_LEGAL_ACTION"", ""LegalAction""]]",INVOLVES_LEGAL_ACTION,9c114e38fb2148dfba006c45483c2549,rejected,4,MSFT,1,False
0.5727272727272728,step_5_candidate_0,-0.03863636363636358,last_accepted_winner,fundamental,FinancialInstrument,"[[""Article"", ""MENTIONS_FINANCIAL_INSTRUMENT"", ""FinancialInstrument""]]",MENTIONS_FINANCIAL_INSTRUMENT,9c114e38fb2148dfba006c45483c2549,rejected,5,MSFT,0,True
0.5590909090909091,step_5_candidate_1,-0.05227272727272725,last_accepted_winner,fundamental,Executive,"[[""Article"", ""MENTIONS_EXECUTIVE"", ""Executive""]]",MENTIONS_EXECUTIVE,9c114e38fb2148dfba006c45483c2549,rejected,5,MSFT,1,False
0.5272727272727272,step_1_candidate_0,-0.07500000000000007,baseline_article_embedding,fundamental,EconomicIndicator,"[[""Article"", ""MENTIONS"", ""EconomicIndicator""]]",REFERENCES,2009220d94ca49068fa235094ff248c4,accepted,1,MSFT,0,True
0.4159090909090909,step_1_candidate_1,-0.1863636363636364,baseline_article_embedding,fundamental,RegulatoryBody,"[[""Article"", ""ISSUED_BY"", ""RegulatoryBody""]]",ISSUED_BY,2009220d94ca49068fa235094ff248c4,rejected,1,MSFT,1,False
0.41590909090909095,step_2_candidate_0,-0.11136363636363628,last_accepted_winner,fundamental,RegulatoryAnnouncement,"[[""RegulatoryAnnouncement"", ""ANNOUNCED_BY"", ""Company""], [""Article"", ""MENTIONS"", ""RegulatoryAnnouncement""]]",ANNOUNCED_BY,2009220d94ca49068fa235094ff248c4,rejected,2,MSFT,0,False
0.509090909090909,step_2_candidate_1,-0.018181818181818188,last_accepted_winner,fundamental,CreditRating,"[[""Article"", ""ASSIGNED_TO"", ""CreditRating""], [""Company"", ""ASSIGNED_TO"", ""CreditRating""]]",ASSIGNED_TO,2009220d94ca49068fa235094ff248c4,rejected,2,MSFT,1,True
0.6090909090909091,step_3_candidate_0,0.0818181818181819,last_accepted_winner,fundamental,CreditRating,"[[""Company"", ""HAS_CREDIT_RATING"", ""CreditRating""]]",HAS_CREDIT_RATING,2009220d94ca49068fa235094ff248c4,accepted,3,MSFT,0,True
0.3704545454545455,step_3_candidate_1,-0.15681818181818175,last_accepted_winner,fundamental,CorporateAction,"[[""CorporateAction"", ""AFFECTS"", ""Company""], [""Article"", ""MENTIONS"", ""CorporateAction""]]",AFFECTS,2009220d94ca49068fa235094ff248c4,rejected,3,MSFT,1,False
0.4340909090909091,step_4_candidate_0,-0.17500000000000004,last_accepted_winner,fundamental,MarketEvent,"[[""Article"", ""TRIGGERS"", ""MarketEvent""], [""MarketEvent"", ""TRIGGERS"", ""Article""]]",TRIGGERS,2009220d94ca49068fa235094ff248c4,rejected,4,MSFT,0,True
0.36363636363636365,step_4_candidate_1,-0.24545454545454548,last_accepted_winner,fundamental,GeographicRegion,"[[""Company"", ""LOCATED_IN"", ""GeographicRegion""]]",LOCATED_IN,2009220d94ca49068fa235094ff248c4,rejected,4,MSFT,1,False
0.4136363636363636,step_5_candidate_0,-0.19545454545454555,last_accepted_winner,fundamental,Executive,"[[""Article"", ""MENTIONS_EXECUTIVE"", ""Executive""]]",MENTIONS_EXECUTIVE,2009220d94ca49068fa235094ff248c4,rejected,5,MSFT,0,False
0.4159090909090909,step_5_candidate_1,-0.19318181818181823,last_accepted_winner,fundamental,MarketEvent,"[[""MarketEvent"", ""TRIGGERS"", ""Article""]]",TRIGGERS,2009220d94ca49068fa235094ff248c4,rejected,5,MSFT,1,True
0.4159090909090909,step_1_candidate_0,-0.1477272727272727,baseline_article_embedding,fundamental,EconomicIndicator,"[[""Article"", ""MENTIONS"", ""EconomicIndicator""]]",REFERENCES,f3d3c736de3e49ca93e371200c202763,rejected,1,MSFT,0,False
0.425,step_1_candidate_1,-0.1386363636363636,baseline_article_embedding,fundamental,RegulatoryBody,"[[""Article"", ""ISSUED_BY"", ""RegulatoryBody""]]",ISSUED_BY,f3d3c736de3e49ca93e371200c202763,accepted,1,MSFT,1,True
0.5590909090909091,step_2_candidate_0,0.1340909090909091,last_accepted_winner,fundamental,CreditRating,"[[""Company"", ""HAS_CREDIT_RATING"", ""CreditRating""]]",HAS_CREDIT_RATING,f3d3c736de3e49ca93e371200c202763,accepted,2,MSFT,0,True
0.5454545454545454,step_2_candidate_1,0.12045454545454543,last_accepted_winner,fundamental,MarketEvent,"[[""Article"", ""TRIGGERS"", ""MarketEvent""]]",TRIGGERS,f3d3c736de3e49ca93e371200c202763,rejected,2,MSFT,1,False
0.43636363636363634,step_3_candidate_0,-0.12272727272727274,last_accepted_winner,fundamental,MarketEvent,"[[""MarketEvent"", ""AFFECTS"", ""Company""], [""Article"", ""RELATES_TO"", ""MarketEvent""]]",AFFECTS,f3d3c736de3e49ca93e371200c202763,rejected,3,MSFT,0,False
0.6068181818181818,step_3_candidate_1,0.04772727272727273,last_accepted_winner,fundamental,GeographicRegion,"[[""Company"", ""LOCATED_IN"", ""GeographicRegion""]]",LOCATED_IN,f3d3c736de3e49ca93e371200c202763,accepted,3,MSFT,1,True
0.5909090909090909,step_4_candidate_0,-0.015909090909090873,last_accepted_winner,fundamental,CorporateAction,"[[""Company"", ""TRIGGERS"", ""CorporateAction""], [""Article"", ""RELATES_TO"", ""CorporateAction""]]",TRIGGERS,f3d3c736de3e49ca93e371200c202763,rejected,4,MSFT,0,False
0.6045454545454545,step_4_candidate_1,-0.002272727272727315,last_accepted_winner,fundamental,Executive,"[[""Executive"", ""WORKS_AT"", ""Company""]]",WORKS_AT,f3d3c736de3e49ca93e371200c202763,rejected,4,MSFT,1,True
0.4977272727272727,step_5_candidate_0,-0.10909090909090913,last_accepted_winner,fundamental,FinancialInstrument,"[[""Article"", ""MENTIONS"", ""FinancialInstrument""]]",REFERENCES,f3d3c736de3e49ca93e371200c202763,rejected,5,MSFT,0,True
0.42727272727272725,step_5_candidate_1,-0.17954545454545456,last_accepted_winner,fundamental,CorporateAction,"[[""Article"", ""TRIGGERS"", ""CorporateAction""], [""Company"", ""TRIGGERS"", ""CorporateAction""]]",TRIGGERS,f3d3c736de3e49ca93e371200c202763,rejected,5,MSFT,1,False
0.5795454545454546,step_1_candidate_0,0.013636363636363669,baseline_article_embedding,event_driven,EconomicIndicator,"[[""Article"", ""MENTIONS"", ""EconomicIndicator""]]",REFERENCES,2101c61426c8438ba806b3dfc0a30907,accepted,1,MSFT,0,True
0.5545454545454546,step_1_candidate_1,-0.011363636363636354,baseline_article_embedding,event_driven,EarningsReport,"[[""Company"", ""HAS_EARNINGS"", ""EarningsReport""]]",HAS_EARNINGS,2101c61426c8438ba806b3dfc0a30907,rejected,1,MSFT,1,False
0.4863636363636364,step_2_candidate_0,-0.0931818181818182,last_accepted_winner,event_driven,CreditRating,"[[""Company"", ""HAS_CREDIT_RATING"", ""CreditRating""]]",HAS_CREDIT_RATING,2101c61426c8438ba806b3dfc0a30907,rejected,2,MSFT,0,False
0.5977272727272728,step_2_candidate_1,0.018181818181818188,last_accepted_winner,event_driven,RegulatoryBody,"[[""Article"", ""MENTIONS"", ""RegulatoryBody""], [""EconomicIndicator"", ""MENTIONS"", ""RegulatoryBody""], [""EconomicIndicator"", ""ISSUED_BY"", ""RegulatoryBody""]]",ISSUED_BY,2101c61426c8438ba806b3dfc0a30907,accepted,2,MSFT,1,True
0.4977272727272727,step_3_candidate_0,-0.10000000000000009,last_accepted_winner,event_driven,MarketSentiment,"[[""Article"", ""HAS_SENTIMENT"", ""MarketSentiment""]]",HAS_SENTIMENT,2101c61426c8438ba806b3dfc0a30907,rejected,3,MSFT,0,False
0.5022727272727272,step_3_candidate_1,-0.09545454545454557,last_accepted_winner,event_driven,CorporateAction,"[[""Article"", ""TRIGGERS"", ""CorporateAction""], [""Company"", ""TRIGGERS"", ""CorporateAction""]]",TRIGGERS,2101c61426c8438ba806b3dfc0a30907,rejected,3,MSFT,1,True
0.5,step_4_candidate_0,-0.09772727272727277,last_accepted_winner,event_driven,GeographicRegion,"[[""Company"", ""LOCATED_IN"", ""GeographicRegion""], [""Article"", ""MENTIONS"", ""GeographicRegion""]]",LOCATED_IN,2101c61426c8438ba806b3dfc0a30907,rejected,4,MSFT,0,True
0.47500000000000003,step_4_candidate_1,-0.12272727272727274,last_accepted_winner,event_driven,LegalAction,"[[""Article"", ""INVOLVES"", ""LegalAction""], [""Company"", ""INVOLVES"", ""LegalAction""], [""RegulatoryBody"", ""INVOLVES"", ""LegalAction""]]",INVOLVES,2101c61426c8438ba806b3dfc0a30907,rejected,4,MSFT,1,False
0.5409090909090909,step_5_candidate_0,-0.05681818181818188,last_accepted_winner,event_driven,MarketIndex,"[[""Article"", ""MENTIONS"", ""MarketIndex""], [""EconomicIndicator"", ""AFFECTS"", ""MarketIndex""]]",AFFECTS,2101c61426c8438ba806b3dfc0a30907,rejected,5,MSFT,0,True
0.4636363636363636,step_5_candidate_1,-0.13409090909090915,last_accepted_winner,event_driven,CorporateGovernanceEvent,"[[""Article"", ""TRIGGERS_GOVERNANCE_EVENT"", ""CorporateGovernanceEvent""], [""Company"", ""TRIGGERS_GOVERNANCE_EVENT"", ""CorporateGovernanceEvent""]]",TRIGGERS_GOVERNANCE_EVENT,2101c61426c8438ba806b3dfc0a30907,rejected,5,MSFT,1,False
0.3840909090909091,step_1_candidate_0,-0.1795454545454545,baseline_article_embedding,event_driven,EconomicIndicator,"[[""Article"", ""MENTIONS"", ""EconomicIndicator""]]",REFERENCES,73374c1951c248cfa150c2ed85d7f82b,rejected,1,MSFT,0,False
0.43181818181818177,step_1_candidate_1,-0.13181818181818183,baseline_article_embedding,event_driven,RegulatoryBody,"[[""Article"", ""MENTIONS_REGULATORY_BODY"", ""RegulatoryBody""]]",MENTIONS_REGULATORY_BODY,73374c1951c248cfa150c2ed85d7f82b,accepted,1,MSFT,1,True
0.39545454545454545,step_2_candidate_0,-0.03636363636363632,last_accepted_winner,event_driven,CreditRating,"[[""Company"", ""HAS_CREDIT_RATING"", ""CreditRating""]]",HAS_CREDIT_RATING,73374c1951c248cfa150c2ed85d7f82b,rejected,2,MSFT,0,False
0.4636363636363637,step_2_candidate_1,0.03181818181818191,last_accepted_winner,event_driven,GeographicRegion,"[[""Company"", ""LOCATED_IN"", ""GeographicRegion""]]",LOCATED_IN,73374c1951c248cfa150c2ed85d7f82b,accepted,2,MSFT,1,True
0.35000000000000003,step_3_candidate_0,-0.11363636363636365,last_accepted_winner,event_driven,EarningsReport,"[[""Company"", ""HAS_EARNINGS_REPORT"", ""EarningsReport""]]",HAS_EARNINGS_REPORT,73374c1951c248cfa150c2ed85d7f82b,rejected,3,MSFT,0,False
0.4318181818181819,step_3_candidate_1,-0.0318181818181818,last_accepted_winner,event_driven,Executive,"[[""Article"", ""MENTIONS_EXECUTIVE"", ""Executive""]]",MENTIONS_EXECUTIVE,73374c1951c248cfa150c2ed85d7f82b,rejected,3,MSFT,1,True
0.38181818181818183,step_4_candidate_0,-0.08181818181818185,last_accepted_winner,event_driven,MarketIndex,"[[""Article"", ""MENTIONS_MARKET_INDEX"", ""MarketIndex""]]",MENTIONS_MARKET_INDEX,73374c1951c248cfa150c2ed85d7f82b,rejected,4,MSFT,0,False
0.4431818181818182,step_4_candidate_1,-0.020454545454545503,last_accepted_winner,event_driven,Product,"[[""Article"", ""MENTIONS_PRODUCT"", ""Product""]]",MENTIONS_PRODUCT,73374c1951c248cfa150c2ed85d7f82b,rejected,4,MSFT,1,True
0.5931818181818183,step_5_candidate_0,0.12954545454545457,last_accepted_winner,event_driven,LegalAction,"[[""Article"", ""INVOLVES_LEGAL_ACTION"", ""LegalAction""], [""Company"", ""INVOLVES_LEGAL_ACTION"", ""LegalAction""]]",INVOLVES_LEGAL_ACTION,73374c1951c248cfa150c2ed85d7f82b,accepted,5,MSFT,0,True
0.5681818181818182,step_5_candidate_1,0.10454545454545455,last_accepted_winner,event_driven,MergerAcquisition,"[[""Article"", ""INVOLVES_MERGER_ACQUISITION"", ""MergerAcquisition""], [""Company"", ""INVOLVES_MERGER_ACQUISITION"", ""MergerAcquisition""]]",INVOLVES_MERGER_ACQUISITION,73374c1951c248cfa150c2ed85d7f82b,rejected,5,MSFT,1,False
0.5727272727272728,step_1_candidate_0,0.045454545454545525,baseline_article_embedding,fundamental,EconomicIndicator,"[[""Article"", ""MENTIONS"", ""EconomicIndicator""]]",REFERENCES,736a5a2d51f44668bef68393aaffbe9d,rejected,1,MSFT,0,False
0.5909090909090909,step_1_candidate_1,0.06363636363636371,baseline_article_embedding,fundamental,RegulatoryBody,"[[""Article"", ""MENTIONS_REGULATORY_BODY"", ""RegulatoryBody""]]",MENTIONS_REGULATORY_BODY,736a5a2d51f44668bef68393aaffbe9d,accepted,1,MSFT,1,True
0.390909090909091,step_2_candidate_0,-0.19999999999999996,last_accepted_winner,fundamental,CreditRating,"[[""Company"", ""HAS_CREDIT_RATING"", ""CreditRating""]]",HAS_CREDIT_RATING,736a5a2d51f44668bef68393aaffbe9d,rejected,2,MSFT,0,True
0.3659090909090909,step_2_candidate_1,-0.22500000000000003,last_accepted_winner,fundamental,GeographicRegion,"[[""Article"", ""MENTIONS_REGION"", ""GeographicRegion""]]",MENTIONS_REGION,736a5a2d51f44668bef68393aaffbe9d,rejected,2,MSFT,1,False
0.3977272727272727,step_3_candidate_0,-0.19318181818181823,last_accepted_winner,fundamental,CorporateAction,"[[""Article"", ""TRIGGERS"", ""CorporateAction""], [""Company"", ""TRIGGERS"", ""CorporateAction""]]",TRIGGERS,736a5a2d51f44668bef68393aaffbe9d,rejected,3,MSFT,0,False
0.4931818181818182,step_3_candidate_1,-0.09772727272727272,last_accepted_winner,fundamental,MarketEvent,"[[""Article"", ""TRIGGERS"", ""MarketEvent""], [""Company"", ""TRIGGERS"", ""MarketEvent""]]",TRIGGERS,736a5a2d51f44668bef68393aaffbe9d,rejected,3,MSFT,1,True
0.5840909090909091,step_1_candidate_0,0.05681818181818188,baseline_article_embedding,default,EconomicIndicator,"[[""Article"", ""MENTIONS"", ""EconomicIndicator""]]",REFERENCES,ba65dcd36447443db4274327ab22945e,accepted,1,MSFT,0,True
0.5545454545454546,step_1_candidate_1,0.027272727272727337,baseline_article_embedding,default,RegulatoryBody,"[[""RegulatoryBody"", ""MENTIONED_BY"", ""Article""]]",MENTIONED_BY,ba65dcd36447443db4274327ab22945e,rejected,1,MSFT,1,False
0.4909090909090909,step_2_candidate_0,-0.0931818181818182,last_accepted_winner,default,CreditRating,"[[""Company"", ""HAS_CREDIT_RATING"", ""CreditRating""]]",HAS_CREDIT_RATING,ba65dcd36447443db4274327ab22945e,rejected,2,MSFT,0,False
0.5340909090909092,step_2_candidate_1,-0.04999999999999993,last_accepted_winner,default,RegulatoryAnnouncement,"[[""RegulatoryAnnouncement"", ""ANNOUNCED_BY"", ""Company""], [""Article"", ""MENTIONS"", ""RegulatoryAnnouncement""]]",ANNOUNCED_BY,ba65dcd36447443db4274327ab22945e,rejected,2,MSFT,1,True
0.40681818181818186,step_3_candidate_0,-0.17727272727272725,last_accepted_winner,default,RegulatoryAnnouncement,"[[""Article"", ""ANNOUNCED_AS"", ""RegulatoryAnnouncement""]]",ANNOUNCED_AS,ba65dcd36447443db4274327ab22945e,rejected,3,MSFT,0,False
0.4068181818181818,step_3_candidate_1,-0.1772727272727273,last_accepted_winner,default,CorporateAction,"[[""Company"", ""ANNOUNCES"", ""CorporateAction""], [""Article"", ""MENTIONS"", ""CorporateAction""]]",ANNOUNCES,ba65dcd36447443db4274327ab22945e,rejected,3,MSFT,1,False
0.35,step_4_candidate_0,-0.23409090909090913,last_accepted_winner,default,RegulatoryBody,"[[""Article"", ""ANNOUNCED_BY"", ""RegulatoryBody""]]",ANNOUNCED_BY,ba65dcd36447443db4274327ab22945e,rejected,4,MSFT,0,False
0.41818181818181815,step_4_candidate_1,-0.16590909090909095,last_accepted_winner,default,RegulatoryAnnouncement,"[[""Company"", ""ANNOUNCES"", ""RegulatoryAnnouncement""], [""Article"", ""MENTIONS"", ""RegulatoryAnnouncement""]]",ANNOUNCES,ba65dcd36447443db4274327ab22945e,rejected,4,MSFT,1,True
0.48409090909090907,step_5_candidate_0,-0.10000000000000003,last_accepted_winner,default,GeographicRegion,"[[""Article"", ""IMPACTS"", ""GeographicRegion""], [""Company"", ""IMPACTS"", ""GeographicRegion""], [""EconomicIndicator"", ""IMPACTS"", ""GeographicRegion""]]",IMPACTS,ba65dcd36447443db4274327ab22945e,rejected,5,MSFT,0,False
0.5454545454545454,step_5_candidate_1,-0.03863636363636369,last_accepted_winner,default,RegulatoryBody,[],,ba65dcd36447443db4274327ab22945e,rejected,5,MSFT,1,True
0.5295454545454545,step_1_candidate_0,-0.036363636363636376,baseline_article_embedding,default,EconomicIndicator,"[[""Article"", ""MENTIONS"", ""EconomicIndicator""]]",REFERENCES,13b2b17496a447c5aac68a47e48c55c7,accepted,1,MSFT,0,True
0.45227272727272727,step_1_candidate_1,-0.11363636363636365,baseline_article_embedding,default,RegulatoryBody,"[[""Article"", ""MENTIONS_REGULATORY_BODY"", ""RegulatoryBody""]]",MENTIONS_REGULATORY_BODY,13b2b17496a447c5aac68a47e48c55c7,rejected,1,MSFT,1,False
0.5136363636363637,step_2_candidate_0,-0.015909090909090873,last_accepted_winner,default,CreditRating,"[[""Company"", ""HAS_CREDIT_RATING"", ""CreditRating""]]",HAS_CREDIT_RATING,13b2b17496a447c5aac68a47e48c55c7,rejected,2,MSFT,0,False
0.575,step_2_candidate_1,0.045454545454545414,last_accepted_winner,default,RegulatoryAnnouncement,"[[""Article"", ""MENTIONS_REGULATORY_ANNOUNCEMENT"", ""RegulatoryAnnouncement""]]",MENTIONS_REGULATORY_ANNOUNCEMENT,13b2b17496a447c5aac68a47e48c55c7,accepted,2,MSFT,1,True
0.5431818181818182,step_3_candidate_0,-0.031818181818181746,last_accepted_winner,default,MarketSentiment,"[[""Article"", ""HAS_SENTIMENT"", ""MarketSentiment""]]",HAS_SENTIMENT,13b2b17496a447c5aac68a47e48c55c7,rejected,3,MSFT,0,True
0.5363636363636364,step_3_candidate_1,-0.03863636363636358,last_accepted_winner,default,Industry,"[[""Company"", ""OPERATES_IN"", ""Industry""]]",OPERATES_IN,13b2b17496a447c5aac68a47e48c55c7,rejected,3,MSFT,1,False
0.525,step_1_candidate_0,-0.03863636363636358,baseline_article_embedding,default,EconomicIndicator,"[[""Article"", ""MENTIONS"", ""EconomicIndicator""]]",REFERENCES,9e05cb1a18fb47a081ec2d846f9ade2f,accepted,1,MSFT,0,True
0.3704545454545455,step_1_candidate_1,-0.19318181818181812,baseline_article_embedding,default,RegulatoryBody,"[[""Article"", ""MENTIONS_REGULATORY_BODY"", ""RegulatoryBody""]]",MENTIONS_REGULATORY_BODY,9e05cb1a18fb47a081ec2d846f9ade2f,rejected,1,MSFT,1,False
0.4090909090909091,step_2_candidate_0,-0.1159090909090909,last_accepted_winner,default,CreditRating,"[[""Company"", ""HAS_CREDIT_RATING"", ""CreditRating""]]",HAS_CREDIT_RATING,9e05cb1a18fb47a081ec2d846f9ade2f,rejected,2,MSFT,0,False
0.5499999999999999,step_2_candidate_1,0.02499999999999991,last_accepted_winner,default,RegulatoryAnnouncement,"[[""Article"", ""MENTIONS_REGULATORY_ANNOUNCEMENT"", ""RegulatoryAnnouncement""]]",MENTIONS_REGULATORY_ANNOUNCEMENT,9e05cb1a18fb47a081ec2d846f9ade2f,accepted,2,MSFT,1,True
0.540909090909091,step_3_candidate_0,-0.009090909090908927,last_accepted_winner,default,MarketSentiment,"[[""Article"", ""HAS_SENTIMENT"", ""MarketSentiment""]]",HAS_SENTIMENT,9e05cb1a18fb47a081ec2d846f9ade2f,rejected,3,MSFT,0,False
0.5659090909090908,step_3_candidate_1,0.015909090909090873,last_accepted_winner,default,Sector,"[[""Company"", ""BELONGS_TO"", ""Sector""]]",BELONGS_TO,9e05cb1a18fb47a081ec2d846f9ade2f,accepted,3,MSFT,1,True
0.4204545454545454,step_4_candidate_0,-0.1454545454545454,last_accepted_winner,default,GeographicRegion,"[[""Company"", ""LOCATED_IN"", ""GeographicRegion""]]",LOCATED_IN,9e05cb1a18fb47a081ec2d846f9ade2f,rejected,4,MSFT,0,False
0.5659090909090909,step_4_candidate_1,1.1102230246251565e-16,last_accepted_winner,default,Executive,"[[""Article"", ""MENTIONS_EXECUTIVE"", ""Executive""]]",MENTIONS_EXECUTIVE,9e05cb1a18fb47a081ec2d846f9ade2f,accepted,4,MSFT,1,True
0.5613636363636363,step_5_candidate_0,-0.00454545454545463,last_accepted_winner,default,StockPrice,"[[""Company"", ""HAS_STOCK_PRICE"", ""StockPrice""]]",HAS_STOCK_PRICE,9e05cb1a18fb47a081ec2d846f9ade2f,rejected,5,MSFT,0,True
0.5545454545454546,step_5_candidate_1,-0.011363636363636354,last_accepted_winner,default,MergerAcquisition,"[[""Article"", ""MENTIONS_MERGER_ACQUISITION"", ""MergerAcquisition""]]",MENTIONS_MERGER_ACQUISITION,9e05cb1a18fb47a081ec2d846f9ade2f,rejected,5,MSFT,1,False
0.5295454545454545,step_1_candidate_0,-0.036363636363636376,baseline_article_embedding,event_driven,EconomicIndicator,"[[""Article"", ""MENTIONS"", ""EconomicIndicator""]]",REFERENCES,8253d38329374a5198210d34f91a057c,accepted,1,MSFT,0,True
0.4943181818181818,step_1_candidate_1,-0.0715909090909091,baseline_article_embedding,event_driven,RegulatoryBody,"[[""Article"", ""MENTIONS_REGULATORY_BODY"", ""RegulatoryBody""]]",MENTIONS_REGULATORY_BODY,8253d38329374a5198210d34f91a057c,rejected,1,MSFT,1,False
0.47500000000000003,step_2_candidate_0,-0.05454545454545451,last_accepted_winner,event_driven,CreditRating,"[[""Company"", ""HAS_CREDIT_RATING"", ""CreditRating""]]",HAS_CREDIT_RATING,8253d38329374a5198210d34f91a057c,rejected,2,MSFT,0,False
0.5522727272727272,step_2_candidate_1,0.022727272727272707,last_accepted_winner,event_driven,RegulatoryAnnouncement,"[[""RegulatoryAnnouncement"", ""ANNOUNCED_BY"", ""Article""], [""RegulatoryAnnouncement"", ""PUBLISHED_ON"", ""Day""]]",ANNOUNCED_BY,8253d38329374a5198210d34f91a057c,accepted,2,MSFT,1,True
0.47500000000000003,step_3_candidate_0,-0.07727272727272722,last_accepted_winner,event_driven,MarketEvent,"[[""Article"", ""TRIGGERS"", ""MarketEvent""], [""MarketEvent"", ""PUBLISHED_ON"", ""Day""]]",TRIGGERS,8253d38329374a5198210d34f91a057c,rejected,3,MSFT,0,False
0.5613636363636363,step_3_candidate_1,0.009090909090909038,last_accepted_winner,event_driven,LegalAction,"[[""Article"", ""INVOLVES"", ""LegalAction""], [""Company"", ""INVOLVES"", ""LegalAction""]]",INVOLVES,8253d38329374a5198210d34f91a057c,accepted,3,MSFT,1,True
0.3931818181818182,step_1_candidate_0,-0.17045454545454541,baseline_article_embedding,event_driven,EconomicIndicator,"[[""Article"", ""MENTIONS"", ""EconomicIndicator""]]",REFERENCES,fe5f8342906a427db468e27ced8d9675,rejected,1,MSFT,0,False
0.4659090909090909,step_1_candidate_1,-0.09772727272727272,baseline_article_embedding,event_driven,RegulatoryBody,"[[""Article"", ""MENTIONS_REGULATORY_BODY"", ""RegulatoryBody""]]",MENTIONS_REGULATORY_BODY,fe5f8342906a427db468e27ced8d9675,accepted,1,MSFT,1,True
0.5249999999999999,step_2_candidate_0,0.05909090909090903,last_accepted_winner,event_driven,CreditRating,"[[""Company"", ""HAS_CREDIT_RATING"", ""CreditRating""]]",HAS_CREDIT_RATING,fe5f8342906a427db468e27ced8d9675,accepted,2,MSFT,0,True
0.4113636363636364,step_2_candidate_1,-0.05454545454545451,last_accepted_winner,event_driven,GeographicRegion,"[[""Article"", ""AFFECTS_REGION"", ""GeographicRegion""]]",AFFECTS_REGION,fe5f8342906a427db468e27ced8d9675,rejected,2,MSFT,1,False
0.4545454545454546,step_3_candidate_0,-0.07045454545454533,last_accepted_winner,event_driven,EarningsReport,"[[""Company"", ""HAS_EARNINGS_REPORT"", ""EarningsReport""]]",HAS_EARNINGS_REPORT,fe5f8342906a427db468e27ced8d9675,rejected,3,MSFT,0,False
0.4704545454545455,step_3_candidate_1,-0.0545454545454544,last_accepted_winner,event_driven,CorporateAction,"[[""Article"", ""ANNOUNCES_CORPORATE_ACTION"", ""CorporateAction""], [""Company"", ""ANNOUNCES_CORPORATE_ACTION"", ""CorporateAction""]]",ANNOUNCES_CORPORATE_ACTION,fe5f8342906a427db468e27ced8d9675,rejected,3,MSFT,1,True
0.4181818181818182,step_4_candidate_0,-0.1068181818181817,last_accepted_winner,event_driven,MarketIndex,"[[""Article"", ""MENTIONS_MARKET_INDEX"", ""MarketIndex""]]",MENTIONS_MARKET_INDEX,fe5f8342906a427db468e27ced8d9675,rejected,4,MSFT,0,False
0.4386363636363636,step_4_candidate_1,-0.08636363636363631,last_accepted_winner,event_driven,Executive,"[[""Article"", ""MENTIONS_EXECUTIVE"", ""Executive""]]",MENTIONS_EXECUTIVE,fe5f8342906a427db468e27ced8d9675,rejected,4,MSFT,1,True
0.49090909090909085,step_5_candidate_0,-0.03409090909090906,last_accepted_winner,event_driven,Industry,"[[""Company"", ""OPERATES_IN"", ""Industry""]]",OPERATES_IN,fe5f8342906a427db468e27ced8d9675,rejected,5,MSFT,0,False
0.5477272727272727,step_5_candidate_1,0.022727272727272818,last_accepted_winner,event_driven,MarketEvent,"[[""Article"", ""TRIGGERS_MARKET_EVENT"", ""MarketEvent""]]",TRIGGERS_MARKET_EVENT,fe5f8342906a427db468e27ced8d9675,accepted,5,MSFT,1,True
0.40454545454545454,step_6_candidate_0,-0.1431818181818182,last_accepted_winner,event_driven,Product,"[[""Article"", ""MENTIONS_PRODUCT"", ""Product""]]",MENTIONS_PRODUCT,fe5f8342906a427db468e27ced8d9675,rejected,6,MSFT,0,False
0.5136363636363637,step_6_candidate_1,-0.03409090909090906,last_accepted_winner,event_driven,MergerAcquisition,"[[""Article"", ""ANNOUNCES_MERGER_ACQUISITION"", ""MergerAcquisition""]]",ANNOUNCES_MERGER_ACQUISITION,fe5f8342906a427db468e27ced8d9675,rejected,6,MSFT,1,True
0.4227272727272727,step_7_candidate_0,-0.12500000000000006,last_accepted_winner,event_driven,LegalAction,"[[""Article"", ""INVOLVES_LEGAL_ACTION"", ""LegalAction""]]",INVOLVES_LEGAL_ACTION,fe5f8342906a427db468e27ced8d9675,rejected,7,MSFT,0,False
0.4863636363636364,step_7_candidate_1,-0.06136363636363634,last_accepted_winner,event_driven,Dividend,"[[""Article"", ""ANNOUNCES_DIVIDEND"", ""Dividend""], [""Company"", ""ANNOUNCES_DIVIDEND"", ""Dividend""]]",ANNOUNCES_DIVIDEND,fe5f8342906a427db468e27ced8d9675,rejected,7,MSFT,1,True
0.3613636363636364,step_1_candidate_0,-0.20227272727272722,baseline_article_embedding,default,EconomicIndicator,"[[""Article"", ""MENTIONS"", ""EconomicIndicator""]]",REFERENCES,3e21a725070d473b83c0dc819f0d240c,rejected,1,MSFT,0,False
0.44318181818181823,step_1_candidate_1,-0.12045454545454537,baseline_article_embedding,default,EarningsReport,"[[""Company"", ""HAS_EARNINGS"", ""EarningsReport""]]",HAS_EARNINGS,3e21a725070d473b83c0dc819f0d240c,accepted,1,MSFT,1,True
0.5045454545454545,step_2_candidate_0,0.06136363636363629,last_accepted_winner,default,RegulatoryBody,"[[""Article"", ""MENTIONS_REGULATORY"", ""RegulatoryBody""]]",MENTIONS_REGULATORY,3e21a725070d473b83c0dc819f0d240c,accepted,2,MSFT,0,True
0.4181818181818182,step_2_candidate_1,-0.025000000000000022,last_accepted_winner,default,RegulatoryAnnouncement,"[[""Article"", ""ANNOUNCED_BY"", ""RegulatoryAnnouncement""], [""RegulatoryAnnouncement"", ""MENTIONS"", ""Company""]]",ANNOUNCED_BY,3e21a725070d473b83c0dc819f0d240c,rejected,2,MSFT,1,False
0.3727272727272727,step_3_candidate_0,-0.13181818181818183,last_accepted_winner,default,CreditRating,"[[""Company"", ""HAS_CREDIT_RATING"", ""CreditRating""]]",HAS_CREDIT_RATING,3e21a725070d473b83c0dc819f0d240c,rejected,3,MSFT,0,True
0.27045454545454545,step_3_candidate_1,-0.23409090909090907,last_accepted_winner,default,GeographicRegion,"[[""Company"", ""LOCATED_IN"", ""GeographicRegion""]]",LOCATED_IN,3e21a725070d473b83c0dc819f0d240c,rejected,3,MSFT,1,False
0.5363636363636364,step_4_candidate_0,0.03181818181818186,last_accepted_winner,default,MarketIndex,"[[""Article"", ""IMPACTS_INDEX"", ""MarketIndex""]]",IMPACTS_INDEX,3e21a725070d473b83c0dc819f0d240c,accepted,4,MSFT,0,True
0.48636363636363633,step_4_candidate_1,-0.018181818181818188,last_accepted_winner,default,CorporateAction,"[[""Article"", ""ANNOUNCES_ACTION"", ""CorporateAction""], [""CorporateAction"", ""RELATES_TO"", ""Company""]]",ANNOUNCES_ACTION,3e21a725070d473b83c0dc819f0d240c,rejected,4,MSFT,1,False
0.4909090909090909,step_5_candidate_0,-0.04545454545454547,last_accepted_winner,default,LegalAction,"[[""Article"", ""INVOLVES_LEGAL_ACTION"", ""LegalAction""]]",INVOLVES_LEGAL_ACTION,3e21a725070d473b83c0dc819f0d240c,rejected,5,MSFT,0,True
0.4818181818181818,step_5_candidate_1,-0.054545454545454564,last_accepted_winner,default,MergerAcquisition,"[[""Company"", ""ANNOUNCES_M&A"", ""MergerAcquisition""]]",ANNOUNCES_M&A,3e21a725070d473b83c0dc819f0d240c,rejected,5,MSFT,1,False
0.5272727272727273,step_6_candidate_0,-0.009090909090909038,last_accepted_winner,default,Competitor,"[[""Company"", ""COMPETES_WITH"", ""Competitor""], [""Competitor"", ""COMPETES_WITH"", ""Company""]]",COMPETES_WITH,3e21a725070d473b83c0dc819f0d240c,rejected,6,MSFT,0,True
0.4886363636363636,step_6_candidate_1,-0.047727272727272785,last_accepted_winner,default,Dividend,"[[""Company"", ""HAS_DIVIDEND"", ""Dividend""]]",HAS_DIVIDEND,3e21a725070d473b83c0dc819f0d240c,rejected,6,MSFT,1,False
0.5363636363636364,step_7_candidate_0,0.0,last_accepted_winner,default,LegalFiling,"[[""Company"", ""HAS_LEGAL_FILING"", ""LegalFiling""]]",HAS_LEGAL_FILING,3e21a725070d473b83c0dc819f0d240c,accepted,7,MSFT,0,True
0.38636363636363635,step_7_candidate_1,-0.15000000000000002,last_accepted_winner,default,ProductLaunch,"[[""Article"", ""ANNOUNCES_LAUNCH"", ""ProductLaunch""], [""Company"", ""ANNOUNCES_LAUNCH"", ""ProductLaunch""]]",ANNOUNCES_LAUNCH,3e21a725070d473b83c0dc819f0d240c,rejected,7,MSFT,1,False
0.4204545454545454,step_1_candidate_0,-0.18181818181818188,baseline_article_embedding,default,EconomicIndicator,"[[""Article"", ""MENTIONS"", ""EconomicIndicator""]]",REFERENCES,45fa1a9fad2641038b109cb75425ba6b,rejected,1,MSFT,0,False
0.45909090909090905,step_1_candidate_1,-0.14318181818181824,baseline_article_embedding,default,RegulatoryBody,"[[""RegulatoryBody"", ""MENTIONED_BY"", ""Article""]]",MENTIONED_BY,45fa1a9fad2641038b109cb75425ba6b,accepted,1,MSFT,1,True
0.5295454545454545,step_2_candidate_0,0.07045454545454549,last_accepted_winner,default,CreditRating,"[[""Company"", ""HAS_CREDIT_RATING"", ""CreditRating""]]",HAS_CREDIT_RATING,45fa1a9fad2641038b109cb75425ba6b,accepted,2,MSFT,0,True
0.5136363636363637,step_2_candidate_1,0.05454545454545462,last_accepted_winner,default,MarketEvent,"[[""MarketEvent"", ""TRIGGERS"", ""Article""], [""Article"", ""MENTIONS"", ""MarketEvent""]]",TRIGGERS,45fa1a9fad2641038b109cb75425ba6b,rejected,2,MSFT,1,False
0.5295454545454545,step_3_candidate_0,0.0,last_accepted_winner,default,MarketEvent,"[[""MarketEvent"", ""AFFECTS"", ""Company""], [""Article"", ""MENTIONS"", ""MarketEvent""]]",AFFECTS,45fa1a9fad2641038b109cb75425ba6b,accepted,3,MSFT,0,True
0.3727272727272727,step_3_candidate_1,-0.15681818181818186,last_accepted_winner,default,GeographicRegion,"[[""Company"", ""LOCATED_IN"", ""GeographicRegion""], [""Article"", ""MENTIONS"", ""GeographicRegion""]]",LOCATED_IN,45fa1a9fad2641038b109cb75425ba6b,rejected,3,MSFT,1,False
0.425,step_4_candidate_0,-0.10454545454545455,last_accepted_winner,default,Industry,"[[""Company"", ""OPERATES_IN"", ""Industry""]]",OPERATES_IN,45fa1a9fad2641038b109cb75425ba6b,rejected,4,MSFT,0,False
0.5318181818181819,step_4_candidate_1,0.002272727272727315,last_accepted_winner,default,CorporateAction,"[[""Article"", ""MENTIONS"", ""CorporateAction""], [""CorporateAction"", ""TRIGGERS"", ""MarketEvent""]]",TRIGGERS,45fa1a9fad2641038b109cb75425ba6b,accepted,4,MSFT,1,True
0.42954545454545456,step_5_candidate_0,-0.10227272727272729,last_accepted_winner,default,EarningsReport,"[[""Company"", ""HAS_EARNINGS_REPORT"", ""EarningsReport""]]",HAS_EARNINGS_REPORT,45fa1a9fad2641038b109cb75425ba6b,rejected,5,MSFT,0,False
0.44545454545454544,step_5_candidate_1,-0.08636363636363642,last_accepted_winner,default,Executive,"[[""Article"", ""MENTIONS_EXECUTIVE"", ""Executive""]]",MENTIONS_EXECUTIVE,45fa1a9fad2641038b109cb75425ba6b,rejected,5,MSFT,1,True
0.3704545454545455,step_1_candidate_0,-0.19318181818181812,baseline_article_embedding,fundamental,EconomicIndicator,"[[""Article"", ""MENTIONS"", ""EconomicIndicator""]]",REFERENCES,4a12655201294087b6ea4c28f55ce3f7,rejected,1,MSFT,0,False
0.3840909090909091,step_1_candidate_1,-0.1795454545454545,baseline_article_embedding,fundamental,RegulatoryBody,"[[""Article"", ""MENTIONS_REGULATORY_BODY"", ""RegulatoryBody""]]",MENTIONS_REGULATORY_BODY,4a12655201294087b6ea4c28f55ce3f7,accepted,1,MSFT,1,True
0.5318181818181819,step_2_candidate_0,0.14772727272727276,last_accepted_winner,fundamental,CreditRating,"[[""Company"", ""HAS_CREDIT_RATING"", ""CreditRating""]]",HAS_CREDIT_RATING,4a12655201294087b6ea4c28f55ce3f7,accepted,2,MSFT,0,True
0.45227272727272727,step_2_candidate_1,0.06818181818181818,last_accepted_winner,fundamental,MarketEvent,"[[""Article"", ""ASSOCIATED_WITH_EVENT"", ""MarketEvent""]]",ASSOCIATED_WITH_EVENT,4a12655201294087b6ea4c28f55ce3f7,rejected,2,MSFT,1,False
0.35000000000000003,step_3_candidate_0,-0.18181818181818182,last_accepted_winner,fundamental,GeographicRegion,"[[""Company"", ""LOCATED_IN"", ""GeographicRegion""]]",LOCATED_IN,4a12655201294087b6ea4c28f55ce3f7,rejected,3,MSFT,0,False
0.42500000000000004,step_3_candidate_1,-0.10681818181818181,last_accepted_winner,fundamental,MarketIndex,"[[""Article"", ""MENTIONS_MARKET_INDEX"", ""MarketIndex""]]",MENTIONS_MARKET_INDEX,4a12655201294087b6ea4c28f55ce3f7,rejected,3,MSFT,1,True
0.45113636363636367,step_1_candidate_0,-0.07613636363636356,baseline_article_embedding,fundamental,EconomicIndicator,"[[""Article"", ""MENTIONS"", ""EconomicIndicator""]]",REFERENCES,d2956fe0e74d416aa2a356014bc9cde9,accepted,1,MSFT,0,True
0.3909090909090909,step_1_candidate_1,-0.13636363636363635,baseline_article_embedding,fundamental,RegulatoryBody,"[[""Article"", ""ISSUED_BY"", ""RegulatoryBody""]]",ISSUED_BY,d2956fe0e74d416aa2a356014bc9cde9,rejected,1,MSFT,1,False
0.45227272727272727,step_2_candidate_0,0.001136363636363602,last_accepted_winner,fundamental,RegulatoryAnnouncement,"[[""RegulatoryAnnouncement"", ""ANNOUNCED_BY"", ""Article""], [""RegulatoryAnnouncement"", ""RELATES_TO"", ""Company""]]",ANNOUNCED_BY,d2956fe0e74d416aa2a356014bc9cde9,accepted,2,MSFT,0,True
0.38636363636363635,step_2_candidate_1,-0.06477272727272732,last_accepted_winner,fundamental,CreditRating,"[[""Company"", ""HAS_CREDIT_RATING"", ""CreditRating""]]",HAS_CREDIT_RATING,d2956fe0e74d416aa2a356014bc9cde9,rejected,2,MSFT,1,False
0.46136363636363636,step_3_candidate_0,0.009090909090909094,last_accepted_winner,fundamental,MarketSentiment,"[[""Article"", ""HAS_SENTIMENT"", ""MarketSentiment""]]",HAS_SENTIMENT,d2956fe0e74d416aa2a356014bc9cde9,accepted,3,MSFT,0,True
0.36590909090909096,step_3_candidate_1,-0.08636363636363631,last_accepted_winner,fundamental,QuarterlyEarnings,"[[""Company"", ""REPORTS_EARNINGS"", ""QuarterlyEarnings""]]",REPORTS_EARNINGS,d2956fe0e74d416aa2a356014bc9cde9,rejected,3,MSFT,1,False
0.41818181818181815,step_4_candidate_0,-0.04318181818181821,last_accepted_winner,fundamental,ProductLaunch,"[[""Company"", ""ANNOUNCES_LAUNCH"", ""ProductLaunch""]]",ANNOUNCES_LAUNCH,d2956fe0e74d416aa2a356014bc9cde9,rejected,4,MSFT,0,False
0.5068181818181818,step_4_candidate_1,0.04545454545454547,last_accepted_winner,fundamental,MergerAcquisition,"[[""Article"", ""ANNOUNCES_M&A"", ""MergerAcquisition""], [""MergerAcquisition"", ""RELATES_TO"", ""Company""]]",ANNOUNCES_M&A,d2956fe0e74d416aa2a356014bc9cde9,accepted,4,MSFT,1,True
0.47954545454545455,step_5_candidate_0,-0.027272727272727282,last_accepted_winner,fundamental,Industry,"[[""Company"", ""OPERATES_IN"", ""Industry""]]",OPERATES_IN,d2956fe0e74d416aa2a356014bc9cde9,rejected,5,MSFT,0,True
0.4545454545454545,step_5_candidate_1,-0.05227272727272736,last_accepted_winner,fundamental,DividendAnnouncement,"[[""Article"", ""ANNOUNCES_DIVIDEND"", ""DividendAnnouncement""], [""DividendAnnouncement"", ""RELATES_TO"", ""Company""]]",ANNOUNCES_DIVIDEND,d2956fe0e74d416aa2a356014bc9cde9,rejected,5,MSFT,1,False
0.42727272727272725,step_1_candidate_0,-0.13636363636363635,baseline_article_embedding,event_driven,EconomicIndicator,"[[""Article"", ""MENTIONS"", ""EconomicIndicator""]]",REFERENCES,9e528bacfc5b437485f25814b6de9592,accepted,1,MSFT,0,True
0.38863636363636367,step_1_candidate_1,-0.17499999999999993,baseline_article_embedding,event_driven,RegulatoryBody,"[[""Article"", ""MENTIONS_REGULATORY_BODY"", ""RegulatoryBody""]]",MENTIONS_REGULATORY_BODY,9e528bacfc5b437485f25814b6de9592,rejected,1,MSFT,1,False
0.47045454545454546,step_2_candidate_0,0.04318181818181821,last_accepted_winner,event_driven,CreditRating,"[[""Company"", ""HAS_CREDIT_RATING"", ""CreditRating""]]",HAS_CREDIT_RATING,9e528bacfc5b437485f25814b6de9592,accepted,2,MSFT,0,True
0.4022727272727273,step_2_candidate_1,-0.024999999999999967,last_accepted_winner,event_driven,RegulatoryAnnouncement,"[[""Article"", ""MENTIONS_REGULATORY_ANNOUNCEMENT"", ""RegulatoryAnnouncement""]]",MENTIONS_REGULATORY_ANNOUNCEMENT,9e528bacfc5b437485f25814b6de9592,rejected,2,MSFT,1,False
0.4636363636363636,step_3_candidate_0,-0.006818181818181834,last_accepted_winner,event_driven,MarketEvent,"[[""Article"", ""MENTIONS_MARKET_EVENT"", ""MarketEvent""]]",MENTIONS_MARKET_EVENT,9e528bacfc5b437485f25814b6de9592,rejected,3,MSFT,0,True
0.3613636363636364,step_3_candidate_1,-0.10909090909090907,last_accepted_winner,event_driven,CorporateAction,"[[""Article"", ""TRIGGERS_CORPORATE_ACTION"", ""CorporateAction""]]",TRIGGERS_CORPORATE_ACTION,9e528bacfc5b437485f25814b6de9592,rejected,3,MSFT,1,False
0.42727272727272725,step_1_candidate_0,-0.17500000000000004,baseline_article_embedding,fundamental,EconomicIndicator,"[[""Article"", ""MENTIONS"", ""EconomicIndicator""]]",REFERENCES,72e777f6272a4c29b49e57a095dbd22f,accepted,1,MSFT,0,True
0.36590909090909085,step_1_candidate_1,-0.23636363636363644,baseline_article_embedding,fundamental,RegulatoryBody,"[[""Article"", ""MENTIONS_REGULATORY_BODY"", ""RegulatoryBody""]]",MENTIONS_REGULATORY_BODY,72e777f6272a4c29b49e57a095dbd22f,rejected,1,MSFT,1,False
0.4159090909090909,step_2_candidate_0,-0.011363636363636354,last_accepted_winner,fundamental,Sector,"[[""Company"", ""BELONGS_TO"", ""Sector""]]",BELONGS_TO,72e777f6272a4c29b49e57a095dbd22f,rejected,2,MSFT,0,False
0.45227272727272727,step_2_candidate_1,0.025000000000000022,last_accepted_winner,fundamental,CreditRating,"[[""Company"", ""HAS_CREDIT_RATING"", ""CreditRating""]]",HAS_CREDIT_RATING,72e777f6272a4c29b49e57a095dbd22f,accepted,2,MSFT,1,True
0.375,step_3_candidate_0,-0.07727272727272727,last_accepted_winner,fundamental,RegulatoryAnnouncement,"[[""Article"", ""MENTIONS_REGULATORY_ANNOUNCEMENT"", ""RegulatoryAnnouncement""]]",MENTIONS_REGULATORY_ANNOUNCEMENT,72e777f6272a4c29b49e57a095dbd22f,rejected,3,MSFT,0,False
0.4340909090909091,step_3_candidate_1,-0.018181818181818188,last_accepted_winner,fundamental,RegulatoryAnnouncement,"[[""Article"", ""MENTIONS_REGULATORY_ANNOUNCEMENT"", ""RegulatoryAnnouncement""]]",MENTIONS_REGULATORY_ANNOUNCEMENT,72e777f6272a4c29b49e57a095dbd22f,rejected,3,MSFT,1,True
